Place,Runner,Time,Age,Gender,Country
1,BOUILLARD Vincent,19:54:23,31,M,FRA
2,CHASSAGNE Baptiste,20:22:45,31,M,FRA
3,LOPEZ Joaquin,20:26:22,32,M,ECU
4,Namberger Hannes,20:31:54,35,M,GER
5,POMMERET Ludovic,20:57:48,49,M,FRA
6,JOYEUX BOUILLON Arthur,21:12:12,30,M,FRA
7,LIND Cody,21:33:16,29,M,USA
8,ANGUITA BAYO MANUEL,21:41:01,33,M,ESP
9,BONNECARRERE Gautier,21:45:16,32,M,FRA
10,NOEL Yannick,21:45:18,38,M,FRA
11,WADE Josh,21:52:09,30,M,GBR
12,BARONIAN Thibaut,22:07:48,35,M,FRA
13,SCHIDE Katie,22:09:31,32,F,USA
14,FERRARI Aubin,22:33:07,27,M,FRA
15,LESNIAK Kamil,22:47:34,31,M,POL
16,CROFT Ruth,22:48:37,35,F,NZL
17,MONCANY Jonathan,22:58:01,33,M,FRA
18,Hogan Marianne,23:11:15,34,F,CAN
19,SIMPANEN Juuso,23:11:39,33,M,FIN
20,DENEFFE Guillaume,23:12:54,41,M,BEL
21,SEVENNEC Alexis,23:18:51,37,M,FRA
22,Priadka Marian,23:22:52,39,M,SVK
23,WOODWARD Canyon,23:26:04,31,M,USA
24,SYMONDS Andy,23:38:16,43,M,GBR
25,CHAMBERLAIN Jack,23:40:28,34,M,GBR
26,SCHMID Jonathan,23:42:19,32,M,SUI
27,Luo Canhua,23:51:17,32,M,CHN
28,HENEK Petr,23:52:54,37,M,CZE
29,DIAS Edgar,23:53:30,39,M,FRA
30,BARRERA Jhon,23:57:49,39,M,COL
31,BERTHIER Guillaume,24:03:33,35,M,FRA
32,Leray Matis,24:12:00,25,M,FRA
33,DIVERREZ Jean Marie,24:15:47,49,M,FRA
34,Pesci Hippolyte,24:16:00,31,M,FRA
35,CHEN LIN,24:16:33,33,F,CHN
36,Peters Ethan,24:18:00,26,M,CAN
37,GUIVARCH Jacques,24:21:15,41,M,FRA
38,VILLA Pablo,24:22:21,36,M,ESP
39,BEAUXIS Guillaume,24:35:10,35,M,FRA
40,L HIRONDEL BLANDINE,24:35:54,33,F,FRA
41,BONFANTE Marco,24:36:05,35,M,ITA
42,Raimbault Juste,24:40:18,35,M,FRA
43,GAILLARD Benoit,24:41:43,40,M,FRA
44,SCHJOLBERG Hallvard,24:42:25,49,M,NOR
45,MACKNER Bernhard,24:43:19,35,M,AUT
46,Holmen Drew,24:46:29,32,M,USA
47,CHESSEX Vincent,24:53:17,29,M,SUI
48,BOUCHEIX Alexandre,24:54:26,33,M,FRA
49,JUREK MICHAL,24:55:57,41,M,POL
50,HAWGOOD Emily,24:58:19,30,F,GBR
51,Kalnins Gvido,25:04:07,31,M,LAT
52,PICKARD Douglas,25:09:38,40,M,RSA
53,DOMINGUEZ LEDO Javier,25:16:46,50,M,ESP
54,LAINE antoine,25:28:45,32,M,FRA
55,Fritz Tobias,25:31:29,35,M,GER
56,MOGAVERO Jeff,25:31:48,31,M,USA
57,STANLEY Sabrina,25:32:10,34,F,USA
58,BOHARD Patrick,25:34:16,60,M,FRA
59,TREMPS Claudia,25:39:37,28,F,ESP
60,JAN Kevin,25:39:40,33,M,FRA
61,Kik Tomasz,25:40:59,42,M,SVK
62,ŠTVERÁK Tomáš,25:41:22,27,M,CZE
63,valmassoi Martina,25:42:02,35,F,ITA
64,Feutrier Fabien,25:43:03,25,M,FRA
65,Polaszek Christophe,25:45:56,47,M,FRA
66,LIN Xiao,25:50:50,39,M,CHN
67,BARTHOLOMEW Lucy,25:55:31,28,F,AUS
68,HAJNAL Robert,26:00:01,35,M,ROU
69,GOBAILLE Mathieu,26:07:23,45,M,FRA
70,NIEUWENHUIS Daan,26:15:09,32,M,NED
71,GOGUET Jeremy,26:15:18,36,M,FRA
72,KOPF Maximilian,26:18:15,32,M,AUT
73,alvarez morales jesus,26:18:30,45,M,ESP
74,Karykas Alexandros,26:22:50,32,M,GRE
75,CLARK Alyssa,26:25:13,31,F,USA
76,COLLOUD Arnaud,26:26:03,35,M,FRA
77,IKEHATA Takuya,26:28:52,32,M,JPN
78,Contré Fabien,26:30:17,38,M,FRA
79,CREHAN Matthew,26:30:27,39,M,AUS
80,BOURGUENOLLE Pierre-Arnaud,26:37:53,37,M,FRA
81,Fumo Helio,26:41:50,41,M,POR
82,Tales Diego,26:48:41,36,M,BRA
83,MAIORA Maite,26:50:35,44,F,ESP
84,PEREZ FERNANDEZ Daniel,26:51:33,45,M,ESP
85,GALLAY Arnaud,26:52:30,37,M,FRA
86,ROUANET Renaud,26:55:32,46,M,FRA
87,NANASZKO Michael,26:58:10,42,M,USA
88,Csillag Eszter,27:01:09,39,F,HUN
89,KLAKEGG FENRE Mari,27:05:54,-,F,NOR
90,VRIENS Lodewijk,27:06:52,32,M,NED
91,Cuny Florent,27:07:22,35,M,FRA
92,Thibault Lopez Pacome,27:09:09,31,M,FRA
93,MELNYK Oleksii,27:11:24,38,M,UKR
94,CRELLIN ALEXIS,27:12:25,39,F,USA
95,NAKACHE Maryline,27:16:18,40,F,FRA
96,Cantero Cuesta Javier,27:18:18,33,M,ESP
97,Perona Edouard,27:19:52,40,M,FRA
98,BROCHARD MARC ANTOINE,27:23:41,35,M,FRA
99,SAUERZAPF Volker,27:25:02,47,M,AUT
100,MICHAUD Kevin,27:26:37,33,M,FRA
101,GHIRARD Florent,27:27:21,44,M,FRA
102,COCHRANE Simon,27:30:04,40,M,NZL
103,DELILLE Remi,27:32:27,42,M,FRA
104,Antila Johanna,27:33:13,44,F,FIN
105,MASTROTTO Roberto,27:35:11,37,M,ITA
106,FERNANDEZ Johan,27:36:54,45,M,FRA
107,MILLER JOE,27:38:19,36,M,USA
108,GUILLAUME BENOIT,27:41:04,36,M,FRA
109,clement Paul,27:41:30,36,M,FRA
110,ABERG Jakob,27:45:25,33,M,SWE
111,LOITRON Damien,27:45:54,38,M,FRA
112,GARNIER David,27:47:31,40,M,FRA
113,BANNWARTH Claire,27:47:58,35,F,FRA
114,MARTIN Arnaud,27:48:43,29,M,FRA
115,OLIVIER Francois,27:49:22,34,M,FRA
116,LEONIDOU Viktor Olov,27:50:59,30,M,CYP
117,CHRETIEN Clement,27:56:08,35,M,FRA
118,MCMONAGLE Michael,27:56:40,34,M,USA
119,GAUDINAUD Thomas,27:57:11,34,M,FRA
120,VAN DER VEEN Noor,27:57:13,31,F,NED
121,MCNAMARA Chris,27:57:23,54,M,CAN
122,Cooper Scott,27:58:05,36,M,CAN
123,JAMBOU Clement,27:58:08,33,M,FRA
124,SALINAS Emmanuel,27:58:36,36,M,CHI
125,Hochholzer Wolfgang,28:00:05,41,M,GER
126,Debil Caux Victor,28:01:42,42,M,FRA
127,DESLOGES Gregoire,28:02:20,35,M,FRA
128,BOHARD Manon,28:07:06,33,F,FRA
129,MORIN Olivier,28:10:01,47,M,FRA
130,Nicolas Benjamin,28:12:13,33,M,FRA
131,VAN VOOREN Laura,28:18:22,34,F,BEL
132,Perche Marco,28:20:31,26,M,FRA
133,LE ROUX Aubin,28:27:14,26,M,FRA
134,GRANT Sophie,28:38:05,41,F,GBR
135,SCHINDLER Louis,28:38:26,47,M,NZL
136,Williams Sam,28:39:18,29,M,AUS
137,ATTIA Benjamin,28:40:47,36,M,FRA
138,McRae Hannah,28:41:16,30,F,AUS
139,Bidault Justin,28:42:01,34,M,FRA
140,Pavelka Ondřej,28:44:11,31,M,CZE
141,BORGLUM Ture Dahl,28:44:15,42,M,DEN
141,ROHART Ludwig,28:44:15,35,M,FRA
143,DELASOIE Melanie,28:44:43,34,F,SUI
144,JEAN Dominique,28:44:55,39,M,FRA
145,MEYRONEINC Jean Jacques,28:49:02,45,M,FRA
146,CLARK Douglas,28:50:33,45,M,GBR
147,JACQUOT Brice,28:54:54,44,M,FRA
148,Vainert Jiri,28:55:35,54,M,CZE
149,MENDEZ Sylvain,28:58:10,35,M,FRA
150,ALLEN James,29:09:18,31,M,GBR
151,ATKINS BENJAMIN,29:11:28,51,M,USA
152,VIGIER Brice,29:11:33,43,M,FRA
153,WEBER Jonathan,29:14:48,38,M,FRA
154,DOS SANTOS Sebastien,29:15:45,42,M,FRA
155,Michellier Simon,29:16:07,40,M,FRA
156,Butorac Marijan,29:17:02,46,M,CRO
157,Zinani Juan Pablo,29:19:00,38,M,ARG
158,GIRARD Matthieu,29:19:43,52,M,SUI
159,TOMKINS Ryan,29:19:50,35,M,AUS
160,Cloarec Mathieu,29:20:00,33,M,FRA
161,EL HALLOUF GONZALEZ Ismael,29:23:19,45,M,FRA
162,Remize Julien,29:24:37,40,M,FRA
163,POURCHET Martin,29:24:49,34,M,FRA
164,Martin Rogan,29:25:58,40,M,GBR
165,FILOCHE Fabien,29:26:44,34,M,FRA
166,Rascalou Benjamin,29:30:30,34,M,FRA
167,Hogan Kelsey,29:32:24,29,F,CAN
168,Fiaschi Jacopo,29:36:48,43,M,ITA
169,POLLESTAD Anne-Sofie,29:38:49,39,F,NOR
170,Klizan Jaroslav,29:39:43,47,M,SVK
171,DOULS Benoit,29:39:53,37,M,FRA
172,JOLY Renaud,29:40:05,39,M,FRA
173,MARCUCCILLI Jeremie,29:41:31,43,M,FRA
174,Bodet Maxime,29:42:24,33,M,FRA
175,BAQUEDANO ABAUNZA Inigo,29:43:14,43,M,ESP
176,Kurmanbayev Altay,29:44:21,37,M,KAZ
177,JULLIEN Yannick,29:46:28,36,M,FRA
178,MATEJ Palenik,29:46:55,32,M,SVK
179,YAMADA Yosuke,29:47:04,42,M,JPN
180,BENSUSSAN David,29:47:46,38,M,FRA
181,Bamford Nicholas,29:48:12,38,M,GBR
182,COUZON Baptiste,29:50:52,33,M,FRA
183,LAFFITTE Matthieu,29:58:49,40,M,FRA
184,Schlindwein Claudio Clasen,29:59:54,45,M,BRA
185,CABALLE FABRA Francesc,30:02:45,38,M,ESP
186,Arzenton Ivo,30:03:23,35,M,ITA
187,Frigon Samuel,30:05:33,29,,CAN
188,BRACY ADDIE,30:08:02,38,F,USA
189,Lechermann Thomas,30:08:18,40,M,GER
190,BATISTA Paulo Sergio,30:09:03,51,M,ESP
191,Moulin Mathieu,30:10:01,31,,FRA
192,JIANG Nancy,30:12:26,34,F,NZL
193,KRONBERGER Wolfgang,30:13:03,29,M,AUT
194,Marcil Simon,30:13:48,45,M,CAN
195,Schmidt Florian,30:14:06,37,M,GER
196,BIGGS Kevin,30:14:40,35,M,CAN
197,Maroteaux Emilie,30:16:29,44,F,FRA
198,Likaj Gentian,30:20:12,37,M,KOS
199,LAHOUSSINE Damien,30:22:22,34,M,FRA
200,STEPHAN Quentin,30:24:01,35,M,FRA
201,ALZUGARAY ALFONSO,30:28:53,40,M,ESP
202,Boutonnet Francis,30:29:11,50,M,FRA
203,SWIERC Marcin,30:32:37,39,M,POL
204,MESKELL Brian,30:32:56,44,M,IRL
205,Barthelemy Antoine,30:33:03,38,M,FRA
206,Schenk Nicolas,30:33:53,37,M,AUS
207,RULLIAT Johan,30:34:36,37,M,FRA
208,LIZZI Yannick,30:37:00,47,M,FRA
209,CARROT Mathias,30:38:31,28,M,FRA
210,OCAMPO Dardo Emmanuel,30:40:23,36,M,ARG
211,CORVASIER Adrien,30:41:34,30,M,FRA
212,SCARABELLI Davide,30:43:33,49,M,ITA
213,GRAFF Cédric,30:46:51,45,M,FRA
214,scharton Walter,30:49:02,41,M,ARG
215,Inzaurralde Gonzalo,30:51:30,29,M,URU
216,CHARRIER Nicolas,30:51:46,46,M,FRA
217,VITORINO SANTOS Fabio,30:54:52,43,M,POR
218,VOYAME Vincent,30:56:52,61,M,SUI
219,SCHENONE Kyle,30:57:39,34,M,USA
220,ANDRES Kyle,31:01:49,-,M,USA
221,WIMMER Florian,31:02:19,37,M,GER
222,Coriele Silvia,31:03:42,37,F,ITA
223,DROUYER Matthieu,31:05:41,-,M,FRA
224,KEYS Joe,31:06:47,-,M,USA
225,ZHAO Jiaju,31:07:10,29,M,CHN
226,XICOY ESPAULELLA Efren,31:07:59,32,M,ESP
227,MALKOWSKI Eric,31:09:40,41,M,USA
228,Gomes Daniel,31:10:50,43,M,POR
229,GIORDANO Ivan,31:10:56,41,M,ITA
230,BEUNIER Mathieu,31:14:28,46,M,FRA
231,HALL Abby,31:17:11,34,F,USA
232,Galloway Jack,31:18:37,36,M,GBR
233,FORD Isaiah,31:21:34,38,M,USA
234,Sevaux Gregoire,31:30:27,38,M,FRA
235,YIP LEUNG Wai,31:30:59,-,M,HKG
236,PEZZOLI Fabrizio,31:31:06,41,M,ITA
237,Boutonnet Loic,31:31:24,25,M,FRA
238,DUMONT Clement,31:31:42,47,M,FRA
239,BIENAIME Laurent,31:31:53,39,M,FRA
240,BATISTELLA Cristian,31:31:59,36,M,ARG
241,THIBAULOT Laurent,31:32:28,51,M,FRA
242,DE MIGUEL Gustavo,31:33:51,45,M,ESP
243,MCNAMARA Kyle,31:34:15,39,M,USA
244,FRIMAS Simon,31:35:15,-,M,FRA
245,Clerc Pithon Quentin,31:35:40,34,M,FRA
246,SOLINSKA Katarzyna,31:36:27,34,F,POL
247,HALL Charlie,31:36:37,51,M,GBR
248,ARNOUX Alexandre,31:40:29,35,M,FRA
249,GILLERON Julien,31:41:48,46,M,FRA
249,PADOVANI Jean Francois,31:41:48,46,M,FRA
251,JOHN Douglas,31:44:19,48,M,BRA
252,Oskominas Andrius,31:49:15,43,M,LTU
253,KIM Jisu,31:57:54,47,M,KOR
254,Bozzoli Jacopo,31:58:25,49,M,ITA
255,BOUNEMOURA Abed,31:59:58,41,M,FRA
256,HERRERO Eric,32:00:20,42,M,FRA
257,JASANS Alberts,32:00:25,42,M,LAT
258,FANGET Alexandre,32:01:25,29,M,FRA
259,GRY Nicolas,32:01:48,46,M,FRA
260,NOLAN Luke,32:02:29,43,M,IRL
261,Dessent Benjamin,32:04:40,29,M,MRI
262,HYZY Piotr,32:08:04,44,M,POL
263,FALAPPA Fabrizio,32:09:53,55,M,ITA
264,FINAS Melanie,32:10:06,31,F,FRA
265,GRGICH Martin,32:11:28,39,M,ARG
266,Adams David,32:12:10,41,M,GBR
267,SORDEL Mickael,32:14:30,39,M,FRA
268,Balduchelli Yan,32:16:16,45,M,SUI
269,KAFKA Graeme,32:17:51,42,M,GBR
270,EPALE Tanguy,32:20:34,48,M,FRA
271,Hamon Guillaume,32:21:41,46,M,FRA
272,Deshayes Lilian,32:22:48,24,M,FRA
273,PAILLER Tony,32:24:44,42,M,FRA
274,BYGDELL JOHANNA,32:25:45,42,F,SWE
275,Darvey Fabrice,32:27:12,41,M,FRA
276,PICAVET Julien,32:27:42,40,M,FRA
277,Stimac Samantha,32:29:11,30,F,USA
278,priego pastor Eric,32:29:25,32,M,ESP
279,DORAIS Andrew,32:29:36,49,M,USA
280,Smith Aaron,32:29:49,33,M,AUS
281,WATSON Jack,32:30:12,44,M,USA
282,Vyrvich Andrey,32:30:41,40,M,RUS
283,Cokan Rok,32:31:45,39,M,SLO
284,CASSEL JOACHIM,32:32:14,34,M,GBR
285,TANAKA NAOKI,32:33:11,46,M,JPN
286,PEREIRA Alexandre,32:33:21,38,M,POR
287,GRIMA Guillaume,32:33:38,26,M,FRA
288,LABRID Emmanuel,32:33:41,51,M,FRA
289,BLANCHARD Evanne,32:33:45,34,F,FRA
290,Zabrodsky Dusan,32:35:12,46,M,CZE
291,Cuche Stephane,32:35:45,42,M,FRA
292,LALO Frederic,32:35:48,51,M,FRA
293,DAMESIN Julien,32:39:04,48,M,FRA
294,SQUIRES Daniel,32:39:59,29,M,AUS
295,Studencki Dawid,32:40:18,35,M,POL
296,Janini Agusti,32:40:41,47,M,ESP
297,Connor Sam,32:40:51,44,M,GBR
298,DWYER Lindsey,32:41:43,33,F,USA
299,STAHLKLOO Anna,32:43:22,49,F,SWE
300,MORRIS Dana,32:43:25,40,M,USA
301,TERRUZZI Agustin,32:43:28,38,M,ARG
302,DE LAUNAY Yves,32:44:15,45,M,FRA
303,CHEYLAN Stephane,32:45:03,54,M,FRA
304,Beke Anthony,32:45:27,34,M,FRA
305,Brignone Alberto,32:45:43,36,M,ITA
306,GJURKOVIC Matej,32:45:55,39,M,CRO
307,lencioni Philippe,32:48:29,40,M,FRA
308,CHUNG Hyun Chang,32:49:29,51,M,KOR
309,GOURDAIN Philippe,32:50:04,43,M,FRA
310,CALLAHAN Conor,32:51:41,30,M,USA
311,Monteyrémard Cyril,32:51:44,41,M,FRA
312,Bobo Christophe,32:52:18,43,M,FRA
313,Leal Leal,32:53:55,37,F,FRA
314,Bourges Gwendal,32:54:44,40,M,FRA
315,Lomas Charlotte,32:55:03,25,F,AUS
316,FAVRIOT Jeremy,32:55:38,-,M,FRA
317,DAYOT Jeremy,32:55:45,40,M,FRA
318,ASSEZAT Jeremie,33:00:09,34,M,FRA
319,SALERNO Sebastien,33:00:54,-,M,FRA
320,Cauvin Tony,33:01:04,36,M,FRA
321,PICHLER Jurgen,33:01:16,43,M,AUT
322,CLERE Mathieu,33:02:12,43,M,FRA
323,SEVIN Dorian,33:04:54,40,M,FRA
324,Gelcinsky Lubos,33:05:20,37,M,SVK
325,WALSH John,33:05:43,58,M,IRL
326,Josefsson Jenny,33:06:47,50,F,SWE
327,JUVALA Markus,33:07:30,52,M,FIN
328,Cornolti Luca,33:08:55,44,M,ITA
329,wen Fangyuan,33:09:13,37,F,CHN
330,BIGNOT Rodolphe,33:09:19,40,M,FRA
331,SALAÜN Bastien,33:09:26,41,M,SUI
332,Moody Nathan,33:11:47,48,M,USA
333,ISABELLE Anthony,33:12:23,38,M,FRA
334,MUGNIER Loic,33:16:26,40,M,FRA
335,JEAN LOUIS SYLVAIN,33:17:04,40,M,FRA
336,GAILHOT Jonathan,33:17:56,34,M,FRA
337,BALTUTIS Lukas,33:19:21,-,M,LTU
338,TONER Christopher,33:19:51,-,M,IRL
339,HUSBAND Sam,33:19:53,33,M,GBR
340,PADILLA GLEZ Brayan,33:21:36,25,M,ESP
341,BERNARDEAU David,33:22:55,37,M,FRA
342,WALSH Wayne,33:23:21,42,M,CAN
343,CHAROLLAIS Romain,33:24:51,35,M,FRA
344,DUPONT Ludovic,33:25:07,46,M,FRA
345,Voisin Vincent,33:25:26,33,M,FRA
346,CHAMPOUILLON Benoit,33:25:36,55,M,FRA
346,Mareková Eva,33:25:36,42,F,SVK
348,STEEN Benjamin,33:31:33,46,M,FRA
349,Pilsky Tomas,33:31:46,44,M,CZE
350,SEITA Koki,33:32:17,38,M,JPN
351,Lachat Guillaume,33:32:29,44,M,SUI
352,Brand Naomi,33:33:36,35,F,RSA
353,OBRIEN SMITH CLAIRE,33:33:50,33,F,AUS
354,Fortini Serge,33:36:08,40,M,FRA
355,COHEN Samuel,33:36:57,27,M,USA
356,MULDER Rickert,33:38:25,37,M,RSA
357,GNEMMI Alexandre,33:39:09,37,M,FRA
358,MAHISTRE Alexandre,33:40:25,28,M,FRA
359,Guermeur Mikaël,33:46:05,32,M,FRA
360,DE VRIES Wouter,33:46:36,45,M,NED
361,trouillet adrien,33:46:59,36,M,FRA
362,Finegan Oran,33:47:06,48,M,IRL
363,Limousin Thibault,33:48:49,29,M,FRA
364,Perardt Susany,33:49:09,35,F,BRA
365,YANO Junko,33:50:19,50,F,JPN
366,Hurni Robin,33:50:42,34,M,SUI
367,De Louche Rikki,33:51:17,39,M,GBR
368,SCHONBERGER Anke,33:51:43,37,F,GER
369,RYDER Jonathan,33:52:01,30,M,USA
370,GILL Chris,33:52:25,44,M,GBR
371,BOMBINO Andrea,33:54:33,30,M,ITA
372,PACHECO ROJAS Federico,33:57:45,45,M,CRC
373,grimal Nicolas,33:59:44,42,M,FRA
374,VERISSIMO Florian,34:00:53,33,M,FRA
375,BOVER Josep,34:01:29,39,M,ESP
376,Bernier Antoine,34:04:31,30,M,FRA
377,MORALES Frederic,34:05:05,40,M,FRA
378,Torres Tonatihu,34:05:43,40,M,MEX
379,STEVEN Le Hyaric,34:05:44,38,M,FRA
380,Himbert Caroline,34:08:18,31,F,GER
381,BONNEAU Nicolas,34:08:51,49,M,FRA
382,HERNANZ DE SALAS Rodrigo,34:13:52,39,M,ESP
383,Armata Adam,34:14:15,44,M,POL
384,VALEYRE Thierry,34:14:31,41,M,FRA
385,VAN HAVERBEKE Charles,34:14:57,36,M,BEL
386,PEREIRA ROCHA THIAGO,34:15:07,44,M,BRA
387,GRANDEAU Benoit,34:15:26,33,M,FRA
388,Hudry Christophe,34:15:57,28,M,FRA
389,ABADIE Jean Philippe,34:16:34,-,M,FRA
390,GONI Ibai,34:17:38,43,M,ESP
391,ROLLET NICOLAS,34:18:04,37,M,FRA
392,ORGELIO Thiago,34:18:25,39,M,BRA
393,Wacker Konstantin,34:19:14,42,M,AUT
394,vigliocco mariela,34:19:45,45,F,ARG
395,Ragneau Corentin,34:24:00,36,M,FRA
396,Balkanski Eric,34:24:27,32,M,USA
397,O Connor Richard,34:25:19,50,M,GBR
398,CALAIS Gabriel,34:29:32,39,M,FRA
399,YUEN Lok Shun,34:31:42,46,M,HKG
400,FERNANDEZ QUINTANILLA Raul,34:31:59,46,M,ESP
401,Bujak Krzysztof,34:32:48,37,M,POL
402,Elter Valentin,34:33:02,28,M,FRA
403,LAUNAY FRANCIS,34:37:07,52,M,FRA
404,NI YUSHENG,34:38:11,54,M,CHN
405,alotto Oliviero,34:38:54,41,M,ITA
406,Brockbank Jake,34:40:57,31,M,USA
407,Biselx Yorick,34:42:55,37,M,SUI
408,GARCIA Helios,34:44:16,39,M,ESP
409,GOURAUD Geoffrey,34:45:39,27,M,FRA
410,Guinard Antoine,34:46:15,37,M,FRA
411,UHL Robin,34:49:01,30,M,FRA
412,HARRISON Genevieve,34:50:13,37,F,USA
413,soetens peter,34:51:46,45,M,BEL
414,GILLILAND Bob,34:53:34,42,M,GBR
415,YE Xiaoming,34:54:39,45,M,CHN
416,PASTA Dario,34:55:38,43,M,ITA
417,dameno andrea,34:59:56,34,M,ITA
418,Pastucha Silvester,35:00:02,50,M,SVK
419,HOLM Carl Eric,35:01:37,31,M,BEL
420,GALLEGO RUIZ DE LA HERMOSA David,35:04:27,36,M,ESP
421,SANTANA SANTANA Nestor,35:04:41,28,M,ESP
422,BAUD Bastien,35:05:43,33,M,FRA
423,Pittet Adrien,35:05:49,33,M,SUI
424,Toma Lukas,35:06:51,34,M,SVK
425,Andersson Pal,35:07:19,46,M,SWE
426,BRUN Jean Andre,35:07:23,37,M,FRA
427,IGNACIO BEDOS MORAGA Javier,35:07:52,-,M,CHI
428,Jolly Martin,35:08:08,33,M,FRA
429,Agustinos Anthony,35:09:08,38,M,FRA
430,Dos Santos Vagner,35:09:47,48,M,BRA
431,NEGANOV Maxim,35:10:40,43,M,ITA
432,BALMER Jonathan,35:11:11,31,M,SUI
433,GOSSELIN Mederic,35:13:39,44,M,FRA
434,VILLETTE Christophe,35:14:13,38,M,FRA
435,Machuca Sebastian,35:14:18,36,M,CHI
436,LEONET Maxime,35:14:38,50,M,BEL
437,MIRANDA ROLIM Pedro,35:15:03,37,M,BRA
438,ROBIN Thomas,35:18:49,49,M,FRA
439,DOWNEY Sam,35:19:46,46,M,GBR
440,EDWARDS Justin,35:20:31,54,M,GBR
441,BELTRAN PARRA Victor,35:22:37,32,M,ESP
442,BARREDA Alejandro,35:22:38,35,M,ESP
443,POETE Charles-Andre,35:23:29,32,M,FRA
444,TELLEZ ZALAYA Oscar,35:23:41,52,M,ESP
445,ALESSANDRINI Paolo,35:25:00,41,M,ITA
446,Darcy Ben,35:27:43,39,M,AUS
447,LEBRAY David,35:30:47,49,M,FRA
448,YANEZ BEAS Daniel,35:31:10,43,M,ESP
449,Lin Jian Xing,35:33:07,25,M,SGP
450,GRANIER MAHAULD,35:34:17,32,F,FRA
451,Berigazzi Matteo,35:34:51,47,M,ITA
452,Houot Guillaume,35:34:59,35,M,FRA
453,ALLRED Taylor,35:35:37,40,M,USA
454,CHAN Kwok Keung,35:36:15,64,M,HKG
455,Nau Sebastian,35:36:18,40,M,AUT
456,Wimmer David,35:37:18,36,M,AUT
457,PARADEISOPOULOS NIKOS,35:39:05,40,M,GRE
458,LOPEZ MATIAS,35:39:44,35,M,ARG
459,MEYER Stephane,35:40:38,35,M,FRA
460,GLASSEY ORTIZ Sebastian,35:43:58,-,M,PER
461,PUTHOSTE Julie,35:44:16,36,F,FRA
462,MOLY Anne Lyse,35:45:06,49,F,FRA
463,MARIA Olivier,35:46:11,32,M,FRA
464,SUHR Mathieu,35:47:49,37,M,FRA
465,MARCHELLI Simone,35:50:50,47,M,ITA
466,DUFAU Vincent,35:51:34,35,M,FRA
467,Pederzoli Alessandro,35:51:46,40,M,ITA
468,SATO DAIKI,35:52:18,45,M,JPN
469,NATSUME Yasuko,35:53:25,40,F,JPN
470,KEENAN James,35:55:04,36,M,GBR
471,MOCZULSKA Malgorzata,35:56:50,48,F,POL
472,Barbier Maurice,36:00:20,51,M,FRA
473,CASASOLA Alessandro,36:02:28,39,M,ITA
474,Le lévrier Kévin,36:02:30,33,M,FRA
475,SILVA Fabricio,36:03:32,42,M,BRA
476,CASTILLO LARA Ana Rocio,36:05:49,36,F,COL
477,Milano Simone,36:07:37,50,M,ITA
478,AUBERSON David,36:08:12,38,M,SUI
479,BRUNNER Ismael,36:08:13,39,M,SUI
480,GUEHO Frederic,36:08:19,52,M,FRA
481,Lindholm Anton,36:09:05,40,M,SWE
482,Bitard Franck,36:09:12,33,M,FRA
483,Leith Stewart,36:09:31,35,M,RSA
484,PLATT Andrew,36:10:05,44,M,GBR
485,STARCEVIC Robert,36:10:28,45,M,CRO
486,AGMON Tal,36:11:52,51,M,ISR
487,RIGAL Julien,36:13:03,40,M,FRA
488,VINCENZI Giancarlo,36:15:05,55,M,ITA
489,REPETTI Benoit,36:15:35,38,M,FRA
490,GOMEZ FERNANDEZ Victor,36:16:11,43,M,ESP
491,TILLIER Jordan,36:17:09,32,M,FRA
492,ZIRNE Ieva,36:17:28,34,F,LAT
493,OSZACZKI Géza,36:17:29,45,M,HUN
494,PIAT Quentin,36:18:37,37,M,FRA
495,Benoiston Louis,36:18:38,33,M,FRA
496,TOMALSKI Marcin,36:18:43,45,M,POL
497,DEAK Krisztian,36:19:23,47,M,HUN
498,Virapin Jonathan,36:19:41,33,M,FRA
499,Kinsley Thomas,36:19:54,41,M,AUS
500,DILOV Velin,36:20:26,36,M,BUL
501,Barta Lukas,36:20:52,43,M,CZE
502,MARTINI Matthieu,36:22:01,38,M,FRA
503,Lantrin Julien,36:22:18,27,M,FRA
504,Bryant bland James,36:23:09,34,M,NZL
505,TVRDIK Pavel,36:23:45,38,M,CZE
506,MARKLE Rainer,36:23:47,50,M,GER
507,DE GASPERI Roberto,36:24:52,31,M,ITA
508,PIECHA Artur,36:25:13,47,M,POL
509,CABALL REIG Jordi,36:25:15,47,M,ESP
510,EDGERLEY Sam,36:25:52,33,M,GBR
511,MENDOZA YARZA Gonzalo,36:26:20,40,M,ESP
512,Huzij Frank,36:26:40,55,M,AUT
513,MORAVEK Michal,36:26:46,-,M,CZE
514,Weber Laurent,36:26:47,47,M,FRA
515,GALLE Matthew,36:28:53,27,M,USA
516,RIOTTE Guillaume,36:33:46,46,M,FRA
517,Nacry Benjamin,36:36:19,43,M,FRA
518,JEANS Sebastien,36:37:54,51,M,FRA
519,MARTINEZ Daniel,36:38:22,41,M,PER
520,MORINEAU William,36:38:24,41,M,FRA
521,MORINEAU Sylvain,36:38:30,41,M,FRA
522,DI COSTANZO Mickael,36:39:57,42,M,FRA
523,GONZALEZ SAENZ Jacinto,36:40:04,53,M,ESP
524,Svensson David,36:40:41,33,M,SWE
525,PAYEN PAYEN Gabriel,36:41:54,-,M,FRA
525,Wang Yongzhong,36:41:54,35,M,CHN
527,RUTHERFORD Bret,36:43:06,47,M,USA
528,Berthaire Lucas,36:43:39,35,M,FRA
529,BLOUDEK Ondrej,36:43:47,47,M,CZE
530,COROMPT Thierry,36:44:15,54,M,FRA
531,JANVIER Arnaud,36:45:08,33,M,FRA
532,BAUMHAUER Stephane,36:46:33,45,M,FRA
533,ELEY Serena,36:46:56,44,F,USA
534,YGOUF Cedric,36:46:59,46,M,FRA
535,ISAZA Felipe,36:47:21,29,M,COL
536,SANTANA QUINTANA Raul,36:49:46,52,M,ESP
537,SANO Atsushi,36:50:21,50,M,JPN
538,LENGRONNE Benjamin,36:51:24,43,M,USA
539,ABOUHALI Mouad,36:51:44,42,M,FRA
540,DELAVAL MARINE,36:53:11,50,F,FRA
541,gasnier Thomas,36:54:45,35,M,FRA
542,da Silva Saltori Letícia,36:55:33,37,F,BRA
543,DEN HERT Niels,37:01:33,40,M,BEL
544,Sekulovic Marija,37:01:48,42,F,SRB
545,Topcu Mert,37:02:12,51,M,USA
546,Michel Gregoire,37:04:17,40,M,SUI
547,Vivo Guillaume,37:05:47,36,,FRA
548,VALDIVIESO Gabriel,37:06:57,35,M,ARG
549,WILSDORF Stefan,37:07:01,36,M,GER
550,Rovelli Gabriel,37:07:08,44,M,SUI
551,CAPELLE Aurelien,37:07:25,44,M,FRA
552,COMINELLI Alessandro,37:07:48,43,M,ITA
553,LENGERT Raphael,37:07:51,48,M,FRA
554,MUNOZ Adrian,37:08:01,41,M,CHI
555,Evans Jordan,37:10:25,31,M,GBR
556,PLONER MARTIN,37:12:28,58,M,SUI
557,PINEDA VADILLO Carlos,37:13:12,43,M,ESP
558,Johansson Per,37:13:39,41,M,SWE
559,de Abreu Ferreira Daniel,37:14:43,41,M,BRA
560,LE CLERCH Yoann,37:15:38,36,M,FRA
561,DE MUYSER Bertrand,37:16:05,47,M,FRA
562,WATIEZ Charles Hubert,37:16:14,31,M,FRA
563,LOURENCO Carlos,37:16:35,56,M,POR
564,WISMOYONO Arief,37:18:14,40,M,INA
565,Ricaud Vincent,37:18:31,34,M,FRA
566,MENGIN Vincent,37:19:36,43,M,FRA
567,RODRIGUEZ Jean Francois,37:21:33,46,M,FRA
568,Hodel Thomas,37:22:46,51,M,SUI
569,POLPRE Franck,37:23:36,54,M,FRA
570,Blain Souadia,37:23:49,53,F,FRA
571,BAROUTI Emmanuel,37:26:02,44,M,FRA
572,BURDOVA Klara,37:26:19,26,F,CZE
573,fan Huixing,37:27:56,43,M,CHN
574,AUBINEAU Alain,37:27:58,43,M,FRA
575,DAVIS Wyatt,37:28:26,33,F,USA
576,TAGLIAPIETRA Marialuisa,37:28:47,57,F,ITA
577,jeanjean Jerome,37:28:51,50,M,FRA
578,MASLEN Will,37:30:32,-,M,GBR
579,BELEN PACCHIOTTI Maria,37:31:06,-,F,ARG
580,Sakti Firmansyah Fikry,37:31:23,29,M,INA
581,MALGORN Franck,37:31:51,50,M,FRA
582,YMAN Hampus,37:31:56,40,M,SWE
583,GUIDINI Bruno,37:32:07,55,M,FRA
584,TAYLOR Mark,37:32:41,56,M,AUS
585,Hohenleitner Manuel,37:34:19,42,M,GER
586,TERAO Masafumi,37:34:36,28,M,JPN
587,THUREE Johan,37:35:10,-,M,SWE
588,RANA Hem,37:36:08,45,M,NEP
589,GERARD Remi,37:36:17,30,M,FRA
590,CHRYSOSTOME IFFRIG Jean,37:36:45,-,M,FRA
591,KIM Young Ha,37:37:10,32,M,KOR
592,BURCH Hans Ruodi,37:37:15,54,M,SUI
593,MCCLELLAN Patrick,37:38:00,30,M,USA
594,VICKROY Khris,37:38:56,49,M,USA
595,LEVAVASSEUR Thomas,37:39:12,45,M,FRA
596,PEREZ Stephane,37:39:25,53,M,FRA
597,GAREIS Ana Carolina,37:39:36,45,F,ARG
598,Celette Caroline,37:41:02,34,F,FRA
599,VIENNET Julien,37:41:07,42,M,FRA
600,Romanato Leonardo,37:41:17,37,M,ITA
601,LECOUTY Jean Christophe,37:41:40,47,M,FRA
602,MIAO David,37:42:33,60,M,USA
603,Niderkorn Vincent,37:44:10,54,M,FRA
604,BAZIN Jerome,37:44:46,26,M,FRA
605,POCHON Samuel,37:44:49,-,M,SUI
606,ASAI Minako,37:45:31,51,F,JPN
607,GOUIN Emmanuel,37:45:52,54,M,FRA
608,Chmelar Vitezslav,37:46:04,45,M,CZE
609,Margeridou Allan,37:46:36,25,M,FRA
610,gu Haiyan,37:47:27,45,F,CHN
611,YANG Meixiong,37:48:45,-,F,CHN
612,HAURI Marc,37:50:10,55,M,SUI
613,mourot Nicolas,37:52:23,46,M,FRA
614,LECUYOT Stephane,37:52:44,43,M,FRA
615,PATOUT Benjamin,37:52:53,41,M,FRA
616,STRZELCZYK MARIUSZ,37:53:29,38,M,POL
617,GATTI Leah,37:53:39,35,F,CAN
618,ALDOUS Jay,37:54:28,63,M,USA
619,DANJOU BAPTISTE,37:54:43,32,M,FRA
620,EKLOF Emelie,37:55:20,41,F,SWE
621,LAI Chi Ho,37:55:31,45,M,HKG
622,DUJARDIN ORIANE,37:56:23,31,F,FRA
623,CAMPENER Aurelien,37:57:14,38,M,BEL
624,COPLESTONE Simon,37:59:15,43,M,GBR
625,MARIA FERRARIS Gianpaolo,37:59:59,-,M,ITA
626,Gengler Gaëtan,38:00:04,40,M,BEL
627,GIUSTI Marco,38:02:59,44,M,ITA
628,DAEHLEN Kenneth,38:05:58,46,M,NOR
629,STEFENEL Simon,38:06:51,25,M,FRA
630,MARSH Justin,38:07:05,38,M,USA
631,REINE Jonathan,38:07:36,42,M,FRA
632,SVOBODA MAREK,38:08:38,47,M,CZE
633,luca Marconi,38:09:52,46,M,ITA
634,MIN PARK Bo,38:10:41,-,F,KOR
635,Romeo Roberto,38:10:58,51,M,ITA
636,POLINO Diego,38:11:56,39,M,MEX
637,Salvaro Martino,38:11:58,44,M,ITA
638,LEPINE Anthony,38:12:16,49,M,FRA
639,MONJE QUIMBAYA MARIA FERNANDA,38:12:50,28,F,COL
640,LUQUOT Yannick,38:13:04,32,M,FRA
641,Vargas Diaz Hana,38:15:38,41,F,CZE
641,VARGAS Hernan,38:15:38,50,M,VEN
643,GUTIERREZ Nixon,38:16:01,53,M,VEN
644,Kojima Michio,38:16:20,50,M,JPN
644,PIGANIOL Joel,38:16:20,51,M,FRA
646,DAXNER Jakub,38:17:54,35,M,CZE
647,CHAVEZ Anthony,38:20:05,50,M,USA
648,Andrews Glen,38:20:15,48,M,AUS
649,Guetrot Florent,38:21:27,41,M,FRA
650,RADERMECKER Nicolas,38:22:27,42,M,BEL
651,DIAZ Omar,38:22:59,41,M,USA
652,JUILLARD Julien,38:23:59,48,M,FRA
653,CAILLAULT Eric,38:24:32,59,M,FRA
654,falcon castellano Eduardo,38:25:59,50,M,ESP
655,BADARD CHRISTOPHE,38:28:47,46,M,FRA
656,HATTORI Jun,38:29:55,35,M,JPN
657,ZEGHLACHE Emmanuel,38:32:06,40,M,FRA
658,DAAMS Christophe,38:32:15,40,M,FRA
659,Pellizzaro Egidio,38:32:18,59,M,ITA
660,Lacasse Jean Pierre,38:32:42,52,M,CAN
661,Audette Guillaume,38:33:13,42,M,CAN
662,BEGNE Florian,38:33:50,33,M,FRA
663,BESNIER Damien,38:34:18,44,M,FRA
664,DELGADO SANCHEZ Jorge,38:34:46,43,M,ESP
665,BADET Lionel,38:35:18,44,M,FRA
666,MCEWEN Emma,38:35:35,-,F,NZL
667,BILLS James,38:36:22,34,M,GBR
667,MORTLOCK Grace,38:36:22,35,F,GBR
669,Bontognali Tomaso,38:37:00,45,M,SUI
670,van Wersch Gonzalo,38:37:07,41,M,CHI
671,ZADVORNYKH Dmitry,38:37:26,42,M,USA
672,MARION Hugo,38:37:34,29,M,FRA
673,MARION Clovis,38:37:36,34,M,FRA
674,LAKINGER Robert,38:37:46,54,M,AUT
675,HO Hok Lun,38:37:57,43,M,HKG
676,ODA Shigeyuki,38:38:12,52,M,JPN
677,VALSOT DIMITRI,38:38:21,35,M,FRA
678,JBILOU Marouane,38:39:27,33,M,FRA
679,Robin Erwan,38:39:37,30,M,FRA
680,SILVA Carmo,38:39:39,-,F,POR
681,Buscaglia Angelo,38:40:14,37,M,ITA
682,Finel Jean Baptiste,38:42:11,39,M,FRA
683,ZHEGROVA ILIR,38:42:47,35,M,KOS
684,BERGUERAND Patrice,38:43:12,61,M,FRA
685,Yatsynych Andriy,38:43:39,41,M,CAN
686,DIEULESAINT Pierre Louis,38:43:58,-,M,FRA
687,SAWADA Yukiko,38:44:42,47,F,JPN
688,BELLATI RICCARDO,38:46:15,52,M,ITA
689,Dorin Louis,38:46:31,33,M,FRA
690,St-Louis Charles,38:47:58,45,M,CAN
691,Limsila Jaru,38:49:23,41,M,THA
692,Helfenstein Marcel,38:50:59,43,M,SUI
693,BAUD Christophe,38:51:38,39,M,FRA
694,Barushev Denis,38:51:42,39,M,USA
695,GLAZE Andrew,38:52:52,46,M,USA
696,ENE Robert,38:52:55,48,M,GBR
697,VAN GINKEL Gersom,38:53:12,32,M,NED
698,COLLINS Chris,38:53:22,44,M,GBR
699,nivert Michael,38:55:32,40,M,FRA
700,MONTORSI Davide,38:56:07,45,M,ITA
701,RYBARCZYK Kamil,38:56:51,37,M,POL
702,Polinger Greg,38:57:09,35,M,USA
703,MARGUERIE Cedric,38:57:42,38,M,FRA
704,LALAIRE MICKAEL,38:58:08,44,M,FRA
705,SUM CHU Ka,38:59:03,-,M,HKG
706,HAGGKVIST Fredrik,38:59:24,37,M,SWE
707,Penner Greg,39:00:03,47,M,CAN
708,ACKERMANN Johan,39:00:59,38,M,FRA
709,TRIMBUR QUENTIN,39:01:54,27,M,FRA
710,BOURGEOT Stephane,39:02:22,50,M,FRA
711,AUBIN Matthieu,39:02:27,41,M,FRA
712,KUROSAWA Kosuke,39:03:00,45,M,JPN
713,BURKHARDT Benjamin,39:03:03,42,M,FRA
714,FAVROT Jean Christophe,39:03:14,48,M,FRA
715,CHEDEL Yannick,39:03:58,51,M,SUI
716,Montcouquiol Sylvain,39:05:55,50,M,FRA
717,Anonymous,39:07:03,-,-,FRA
718,DALLA MARIGA Enrico,39:08:01,47,M,ITA
719,TRUCCONE Giorgio,39:09:49,55,M,ITA
720,MULLER Mathieu,39:10:04,42,M,FRA
721,LIVINGSTONE Matthew,39:10:14,44,M,USA
722,CULL Andrew,39:11:27,43,M,AUS
723,STACH Pawel,39:12:14,48,M,POL
724,FASOLINO Simone,39:12:35,44,M,ITA
725,Hauspy Jules,39:12:51,31,M,BEL
725,SCHOENMAEKERS Ruben,39:12:51,34,M,BEL
727,WALLIN Mattias,39:13:01,50,M,SWE
728,BUZA Alexandru,39:13:21,36,M,MDA
728,VARLAMOV Oleksandr,39:13:21,40,M,UKR
730,QUIN ORE Sixto,39:14:28,55,M,FRA
731,VANWYNSBERGE Yannick,39:14:39,30,M,FRA
732,BENOIT Sebastien,39:14:57,45,M,FRA
733,CONTI Tommaso,39:15:08,49,M,ITA
734,POUJOL Olivier,39:15:17,42,M,FRA
735,CUPIAL Jacek,39:15:31,52,M,POL
736,ITO Arika,39:16:08,34,F,JPN
737,FANTIN Gianluca,39:17:05,32,M,ITA
738,CORRADO Vacca,39:17:12,59,M,ITA
739,PINEAU Sebastien,39:17:19,50,M,FRA
740,LOEVIK ANDERS,39:17:27,43,M,NOR
741,EYMANN Cedric,39:17:50,40,M,FRA
742,LYNAS Matthew,39:19:13,57,M,GBR
742,ONEILL Shane,39:19:13,-,M,IRL
744,Gonzales Yamil,39:19:43,38,M,HON
745,VAN EKRIS John,39:20:16,59,M,CAN
746,MALIK Ondrej,39:20:46,39,M,CZE
747,BOZZO COLOMER Xavier,39:20:53,57,M,ESP
748,zhang Binjie,39:22:01,40,M,CHN
749,Korenfeld Alexandre,39:22:07,29,M,FRA
750,Pernot Emmanuel,39:22:23,48,M,FRA
751,SLEZIAK Tomek,39:24:11,45,M,POL
752,Batisse Bruno,39:24:34,51,M,FRA
753,yokoyama Minehiro,39:25:17,55,M,JPN
754,Christensen Garret,39:26:53,45,M,USA
755,LEON Anthony,39:27:21,31,M,FRA
755,VERGER Jerome,39:27:21,50,M,FRA
757,OLLAND Lucas,39:27:23,33,M,FRA
758,MURRAY JONES Andre,39:27:26,-,M,AUS
759,ZONG Liangfei,39:28:55,43,M,CHN
760,Alladio Umberto,39:28:59,41,M,ITA
761,BAI Xingzhi,39:29:06,38,M,CHN
762,BEAUGRAND Johnny,39:29:09,50,M,FRA
763,TANAKA KEI,39:29:41,42,M,JPN
764,ELVIRA MINGUEZ Jose Maria,39:29:44,56,M,ESP
765,DESACHY Benoit,39:30:02,55,M,FRA
766,MILDE MATTHEW,39:30:07,34,M,USA
767,Mayorga Justin,39:30:18,33,M,USA
768,Fellay Jacques,39:30:31,50,M,SUI
769,PAUILLACQ Christian,39:30:35,58,M,FRA
770,FERNANDEZ Cristian,39:31:00,42,M,CRC
771,RICHARDS Edward,39:32:09,-,M,GBR
772,Tavares Eduardo,39:32:29,51,M,POR
773,LEUTWILER Yann,39:34:39,41,M,SUI
774,GODONAISE Fabrice,39:36:25,41,M,FRA
775,TANG Eric,39:37:22,43,M,AUS
776,FAGLIN Aymeric,39:37:27,-,M,FRA
777,BESSARD Joel,39:38:10,32,M,SUI
778,YANG Bo,39:38:20,41,M,CHN
779,MARICHEZ-DAURIAC Benoit,39:38:56,37,M,FRA
780,SMITH Brian,39:38:58,47,M,USA
781,TOMASDOTTIR Katrin,39:39:04,44,F,ISL
782,Rondole Joel,39:39:56,60,M,FRA
783,VESIN Stephane,39:40:21,50,M,FRA
784,Sullivan Michael,39:40:37,67,M,AUS
785,Anonymous,39:40:43,-,-,GER
786,taillandier Arnaud,39:40:53,53,M,FRA
787,Wu Di,39:41:01,41,M,USA
788,Ortiz Barragán Antonio,39:41:06,54,M,ESP
789,ORTIZ SALGUERO Antonio,39:41:13,-,M,ESP
790,Bontemps Damien,39:42:23,38,M,FRA
791,Boivin Clement,39:42:37,35,M,FRA
792,OLIVIER Alice,39:42:44,37,F,FRA
793,LAVIS Dan,39:42:51,41,M,GBR
794,Cho Yu Hin Jeffrey,39:43:12,31,M,HKG
795,ALLANI Hédi,39:43:14,48,M,FRA
796,NIZET Pierre,39:43:50,37,M,BEL
797,BEUCHER Benjamin,39:43:57,36,M,FRA
798,Bodin Jean Baptiste,39:43:59,40,M,FRA
799,Robert Adrien,39:44:04,35,M,FRA
800,FINIELS Benjamin,39:44:27,34,M,FRA
801,CYPCAR Adam,39:45:05,44,M,POL
802,ANCONA Lucas,39:45:41,32,M,FRA
803,jo sangho,39:46:03,40,M,KOR
804,Ollivier Vincent,39:46:09,34,M,FRA
805,BETTS Kellen,39:47:40,42,M,USA
806,DUFFRENE Lea,39:49:06,31,F,FRA
807,AGUAYO MORENO Eric Manuel,39:49:08,40,M,ECU
808,MIELCZAREK Aleksandra,39:49:33,52,F,POL
809,REIMER Alex,39:49:49,31,M,GER
810,Garczyk Rafal,39:50:01,42,M,POL
811,correa mauricio,39:50:09,46,M,ARG
812,BERGAPLASS Kathleen,39:50:19,46,F,USA
813,OLIVIER Guenaël,39:50:33,52,M,FRA
814,PEGRIN Peter,39:51:07,42,M,AUT
815,Gilyatt Richard,39:51:18,39,M,GBR
816,MEHARI Kibrom,39:51:41,42,M,SUI
817,MIREK Grzegorz,39:55:10,45,M,POL
818,SCHMACKE Dennis,39:55:25,31,M,GER
819,DAVY Charles,39:55:39,34,M,FRA
820,MIHALITS DOMINIK STEFAN,39:58:08,35,M,AUT
821,ZHANG Jia,39:58:13,40,M,CHN
822,Răuțu Ionut,40:01:31,35,M,ROU
823,Focsaneanu Iulian,40:03:33,43,M,ROU
824,MARQUELET Alain,40:05:51,56,M,FRA
825,AMATO Enea,40:06:24,37,M,ITA
826,Paprcka Michal,40:06:43,37,M,SVK
827,GUEGAN Fantine,40:06:46,42,F,FRA
828,LIAO MIN,40:08:03,56,M,CHN
829,SCHNEIDER Romain,40:08:10,48,M,FRA
830,LEROUX Marianne,40:08:43,29,F,FRA
831,Roda Serrano Climent,40:09:22,24,M,ESP
832,BROOS Robert,40:09:49,-,M,NED
833,MALNOE Roland,40:10:44,-,M,FRA
834,MARIN HERNANDEZ Gines Alfonso,40:12:04,48,M,ESP
835,Phillips Anita,40:12:28,48,F,GBR
836,Barthès Ludovic,40:13:07,42,M,FRA
837,PATAPOFF Jacob,40:13:51,-,M,USA
838,PEREZ Sergi,40:14:57,46,M,ESP
839,FERT Joachim,40:17:02,27,M,FRA
840,PICCOLOTTO Cedric,40:17:09,40,M,FRA
841,MARK Thibaut,40:17:23,36,M,FRA
842,PARENT Cedric,40:18:46,50,M,FRA
843,Gerhardy Ben,40:19:56,40,M,AUS
844,WANG Feng,40:19:59,36,M,CHN
845,FIDALGO Luis,40:20:11,53,M,POR
846,Saravia Lorena,40:20:28,49,F,ARG
847,RAMACHETTY Ricardo,40:21:15,46,M,FRA
848,Mendes Luis,40:21:16,38,M,POR
849,POILANE Jason,40:21:28,34,M,FRA
850,salendres Jean-Christophe,40:21:47,58,M,FRA
851,MIGNACCO Gianluigi,40:21:53,49,M,ITA
852,Isaacs Mitchell,40:22:30,44,M,AUS
853,Beck Lucas,40:22:58,51,M,AUS
854,MARTINS Pedro,40:23:44,52,M,POR
855,LESCANNE Romain,40:24:34,36,M,FRA
856,BUREL Fabien,40:24:57,45,M,FRA
857,HERRERO GARCIA Juan Jose,40:25:06,48,M,ESP
858,BERNARDINO FERNANDO,40:27:27,49,M,POR
859,Fabregat Terricabras Alex,40:27:39,57,M,ESP
860,Mohammed Ersinan Csavosi,40:27:55,42,M,USA
861,ANDRE Mickael,40:28:00,51,M,FRA
862,TAVIRA SANCHEZ Raul,40:28:11,41,M,ESP
863,Vermot desroches Johan,40:29:34,30,M,FRA
864,ZAUGG Thomas,40:29:49,45,M,SUI
865,Occhipinti Lorenzo,40:29:59,34,M,ITA
866,Kumpf Andreas,40:31:00,52,M,GER
867,ANDRE MARET Francisco,40:31:10,-,M,BRA
868,WERLING Yann,40:31:32,40,M,FRA
869,96211ANONYMOUS 2anonymous,40:32:09,-,M,POL
870,Clerc Benoit,40:32:14,38,M,FRA
871,SILVA Erica,40:32:16,44,F,BRA
872,ALPIGER Raffael,40:32:34,37,M,SUI
873,ZANOVELLO Giulia,40:33:04,34,F,ITA
874,MARCEROU Victor Hugo,40:33:10,52,M,ARG
875,BRUYAT Sabrina,40:33:16,40,F,FRA
875,MOR Jordi,40:33:16,52,M,ESP
877,Friedl Laurent,40:33:40,47,M,SUI
878,BOURDIER Alexis,40:33:47,34,M,FRA
879,ZARAGOZA Cyril,40:33:53,36,M,FRA
880,MACFARLANE Andrew,40:34:45,30,M,GBR
881,LECHANTEUR Denis,40:34:53,53,M,FRA
882,MOMBOISSE Gautier,40:35:21,41,M,FRA
883,BOURDIER Nicolas,40:35:29,31,M,FRA
884,Careje Martin,40:36:05,32,M,FRA
885,AUBRUN Lucas,40:36:18,53,M,FRA
886,Ohno Yoshio,40:36:57,44,M,JPN
887,Baud Adrien,40:37:01,40,M,FRA
888,HEIGHWAY Stuart,40:37:02,40,M,NZL
889,GIRONA Pablo,40:38:17,41,M,SUI
890,Nair Oukacha,40:38:54,34,M,FRA
891,BOMMIER Jean-Baptiste,40:39:10,44,M,FRA
892,DESPLECHIN Quentin,40:39:21,40,M,FRA
893,BRUEL Yannick,40:39:39,40,M,FRA
894,STADLER Thomas,40:41:48,31,M,FRA
895,96211ANONYMOUS 3anonymous,40:42:16,-,M,FRA
896,Ferbitz Lars,40:42:53,50,M,SUI
897,TOHANEAN Ana,40:43:10,49,F,ROU
898,TAKIKAWA Jiro,40:43:14,61,M,JPN
899,Catanese Laurent,40:44:24,32,M,ITA
900,CRUZ BRAVO Jorge,40:44:35,45,M,MEX
901,BANG Wool,40:46:32,37,F,KOR
902,LE DUIGOU Sebastien,40:46:39,50,M,SUI
903,Landschoot Ludovic,40:47:23,29,M,FRA
904,WATERHOUSE Jack,40:47:48,31,M,GBR
905,RASHLEIGH Chris,40:48:40,48,M,AUS
906,DI IORIO Ludovic,40:49:16,32,M,FRA
907,Rochow Alexander,40:49:19,37,M,GER
908,MARTY Yvon,40:49:22,47,M,FRA
909,Czuwaj Andrzej,40:49:31,48,M,POL
910,MARCHAND Thibaut,40:50:50,46,M,FRA
911,KARR Lionel,40:50:51,52,M,FRA
912,Scailteur Arnaud,40:50:52,35,M,BEL
913,Kwak Seunghyun,40:51:46,44,M,KOR
914,FUKUMOTO Takio,40:52:03,51,M,JPN
915,PAREYDT Charles,40:52:28,44,M,FRA
916,Leszko Rafal,40:53:35,37,M,POL
917,DA ROCHA Adrien,40:53:37,36,M,FRA
918,BAPTISTE VOLPE Jean,40:53:48,-,M,FRA
919,O'BRIEN Peter,40:53:49,-,M,GBR
920,Whittaker Carl,40:54:36,40,M,GBR
921,PRAT Olivier,40:56:04,53,M,FRA
922,CARBONNIER Laurent,40:57:39,50,M,BEL
923,GAGUECHE Ahmed,40:58:21,50,M,FRA
924,DEL CANIZO NADAL Miguel,40:58:39,60,M,ESP
925,SHEPHERD Miles,40:59:16,37,M,GBR
926,Riches Craig,40:59:27,41,M,GBR
927,Morley Peter,40:59:33,58,M,GBR
928,Garcilopez Solanes Carles,40:59:54,54,M,ESP
929,TAHARA MASASHI,41:00:38,47,M,JPN
930,GUERRERO VAZQUEZ Leonel,41:00:40,43,M,MEX
931,VYSTEJN Jiri,41:00:50,43,M,CZE
932,SHIMADA SHINJI,41:01:25,61,M,JPN
933,Kukk Kaidi Keir,41:01:46,30,F,EST
934,HARITONOVS Matiss,41:01:48,36,M,LAT
935,FEVRIER Yan,41:02:55,45,M,FRA
936,Todorov Radoslav,41:03:28,45,M,BUL
937,BAUDIN Kevin,41:03:29,36,M,FRA
938,SALCEDO Gregorio,41:03:54,45,M,ESP
939,BASSIE Philippe,41:04:56,36,M,FRA
940,WYSZYNSKI ARTUR,41:04:58,40,M,POL
941,NOAILLES Thibaut,41:05:47,39,M,FRA
942,DELON Stephane,41:06:24,49,M,FRA
943,ECKARDT Scott,41:06:26,50,M,USA
944,PASZKIEWICZ GRZEGORZ,41:10:03,42,M,POL
945,BLECHSCHMIDT Remy,41:10:14,-,M,FRA
946,DU PLESSIS Francois,41:10:34,36,M,NED
947,SAMSON Cedric,41:11:09,47,M,FRA
948,96211ANONYMOUS 4anonymous,41:11:16,-,M,BRA
949,Lanche Jeremie,41:11:28,38,M,FRA
950,cazin Ludovic,41:12:03,45,M,FRA
951,Rostagno Marco,41:13:10,34,M,ITA
952,Moriya Masao,41:14:18,48,M,JPN
953,MORIYA Mitsuo,41:14:19,46,M,JPN
954,COSTEA Marius,41:14:21,45,M,ROU
955,ROMERO Antony,41:14:44,49,M,FRA
956,JACOB Benoit,41:15:26,44,M,FRA
957,SANS JORDI,41:16:18,38,M,ESP
958,VACHER Denis,41:16:52,53,M,FRA
959,MEYER David,41:16:56,49,M,FRA
960,DEUTSCH Reynald,41:17:19,49,M,FRA
961,Hall Nick,41:17:52,42,,AUS
962,BORJESSON Carl,41:18:00,39,M,SWE
963,Hirsch Matthias,41:18:01,42,M,GER
964,JOHANSSON Erik,41:18:44,49,M,SWE
965,YUWAI CHAN,41:19:19,45,M,HKG
966,KO Wonkyo,41:19:32,41,M,KOR
967,Karlin Jean Luc,41:19:42,49,M,FRA
968,HAMA Saiko,41:19:50,56,F,JPN
969,HAKAMI Nasser,41:20:02,39,M,KSA
970,KAGEYAMA Junko,41:20:51,40,F,JPN
971,MORDACQ JEAN MICHEL,41:21:16,47,M,FRA
972,CHALAND MAXENCE,41:21:30,37,M,FRA
973,MATOS Simao,41:21:59,41,M,POR
974,MERTENS Jonathan,41:22:01,-,M,CAN
975,EJARQUE PASCUAL Eduardo,41:23:34,31,M,ESP
976,TERRAS Anthony,41:23:53,35,M,FRA
977,HIRTZ Gregoire,41:24:10,45,M,FRA
978,OH JIN HENG (JACK),41:24:19,39,M,MAS
979,HUNT Lee,41:24:33,49,M,USA
980,BOSIO Walter,41:25:28,48,M,ITA
981,Gesaldi Lorenzo,41:25:29,31,M,ITA
982,Crewe Thomas,41:25:34,34,M,GBR
983,LACOUR Geoffroy,41:25:49,37,M,FRA
984,MacKenzie Paul,41:25:55,42,M,AUS
985,LOUZEIRO Andre,41:26:02,39,M,POR
986,BALINK Thomas,41:26:39,-,M,NED
987,Robling Lewis,41:26:59,33,M,GBR
988,96211ANONYMOUS 5anonymous,41:27:14,-,M,ESP
989,ATMOUNI Yoann,41:28:08,29,M,FRA
990,BYRNES David,41:29:11,43,M,USA
991,MAGNAT Gregory,41:29:16,46,M,FRA
992,LADEFOGED MOLLER ANDERSEN Andreas,41:29:24,-,M,DEN
993,KELLER James,41:29:56,53,M,USA
994,PARK Minwoo,41:30:05,38,M,KOR
995,POTTS Benjamin,41:30:07,41,M,GBR
996,SULLIVAN Nigel,41:30:36,56,M,GBR
997,ROTIER Maxime,41:32:07,37,M,FRA
998,GISBERT CASASEMPERE Gabi,41:32:10,57,M,ESP
999,WITTIG Christof,41:32:21,56,M,GER
1000,DING Jianjun,41:32:37,41,M,CHN
1001,RAI Basanta,41:33:33,-,M,NEP
1002,LATORRE Clementine,41:34:25,40,F,FRA
1003,POOLEY Chris,41:36:09,35,M,AUS
1004,LANGLET YOHAN,41:36:45,44,M,FRA
1005,SEGOND Maxence,41:37:11,37,M,FRA
1006,Czosnowski Tomasz,41:37:20,44,M,POL
1007,CHEMIN Gregory,41:37:23,41,M,FRA
1008,DAVALLE Laurent,41:37:31,44,M,FRA
1009,GRIMSHAW Daniel,41:37:35,50,M,GBR
1010,Laydis Thomas,41:38:51,40,M,FRA
1011,LAU Ming Kei,41:38:57,42,M,HKG
1012,FABRY Jerome,41:39:04,49,M,FRA
1013,MCKENZIE Ryan,41:39:12,43,M,AUS
1014,SENFT Michaela,41:39:18,53,F,SUI
1015,LE ROCH Francois,41:39:21,43,M,FRA
1016,KIRKMAN Anna,41:39:34,48,F,GBR
1017,GUIBERT Eric,41:39:39,42,M,FRA
1018,ANDERSSON Steven,41:39:55,49,M,USA
1019,Prat Sopeña Lluis,41:40:11,52,M,ESP
1020,INOUE Kiyoshi,41:40:19,49,M,JPN
1021,Forgerit Benoit,41:41:04,41,M,FRA
1022,MARTEL Sandrine,41:41:10,55,F,FRA
1023,LE ROUX Vincent,41:42:07,35,M,FRA
1024,ROTGER MAYOL Toni,41:42:57,-,M,ESP
1025,CHAMPION Mickael,41:43:01,43,M,FRA
1026,Arroyo Cristhian,41:43:04,48,M,CRC
1027,BERNOUX Pierre,41:43:07,47,M,FRA
1028,CAVAILHEZ Arnaud,41:43:21,40,M,USA
1029,Kristensson Mikael,41:43:33,35,M,SWE
1030,esson Severine,41:43:40,49,F,FRA
1031,ANDRE Loic,41:43:45,47,M,FRA
1032,Gelosa Paolo,41:43:54,49,M,ITA
1032,Redaelli Matteo,41:43:54,35,M,ITA
1034,LIU Dexian,41:45:32,45,M,CHN
1035,PALLUD Jonathan,41:45:44,42,M,FRA
1036,DELEDICQ LAURENT,41:46:08,54,M,FRA
1037,MARCONI ALESSANDRO MASSIMO,41:46:14,45,M,ITA
1038,Dezort David,41:46:43,48,M,CZE
1039,Le Viol Pascal,41:47:01,39,M,FRA
1040,AMBLARD Alexandre,41:47:03,45,M,FRA
1041,Scholler Pascal,41:47:05,51,M,FRA
1042,MAX Yannick,41:47:47,48,M,FRA
1043,FORMAN Ryan,41:47:56,39,M,USA
1044,WILLIAMSON John,41:48:29,45,M,AUS
1045,BATTISTEL Fabrice,41:49:56,49,M,FRA
1046,maghoo jayprakashsingh,41:50:48,45,M,MRI
1047,AUDEBAUD Christofer,41:51:01,40,M,FRA
1048,CEUS Emmanuel,41:51:06,49,M,FRA
1049,POTTS John,41:51:59,-,M,GBR
1050,DUVERLIE Benoit,41:52:45,61,M,FRA
1051,POOLEY Jason,41:52:51,37,M,GBR
1052,HONG LI Sara,41:53:25,-,F,CAN
1053,Hu Rong,41:54:15,42,F,USA
1054,Tahani Nasser,41:55:04,33,M,FRA
1055,PAPP Michael,41:55:42,44,M,USA
1056,TREUIL Vincent,41:56:07,44,M,FRA
1057,CHABANNES Paul Mathieu,41:56:20,39,M,FRA
1058,MARIN Nicolas,41:57:26,43,M,FRA
1059,li xiang,41:57:30,41,M,CHN
1060,Anonymous,41:57:38,-,-,HKG
1061,MAILLARD Robin,41:57:49,34,M,FRA
1062,LYU Guangce,41:58:31,52,M,CHN
1063,HALLIER Vincent,41:59:10,45,M,FRA
1064,GRIENENBERGER Clement,41:59:23,35,M,FRA
1065,FERNANDEZ Roger,42:00:11,45,M,FRA
1066,Villien Gilbert,42:01:08,63,M,FRA
1067,RACH Julie,42:01:51,35,F,FRA
1068,KAZIMIERSKI Michal,42:02:12,54,M,POL
1069,BRUDER Bertrand,42:02:28,48,M,FRA
1070,GRAY Adrian,42:04:56,56,M,GBR
1071,RODRIGO Paulo,42:06:51,45,M,BRA
1072,LE Hang,42:07:33,40,F,VIE
1073,DE MEDEIROS Samuel,42:07:47,41,M,FRA
1074,KOSSOWICZ Krzysztof,42:08:28,51,M,POL
1075,CALAIS Aurelien,42:08:46,46,M,FRA
1076,OKUDA Tomoko,42:11:00,38,F,JPN
1077,NICOLAS Elodie,42:11:24,38,F,FRA
1078,HE Lishi,42:12:15,43,M,HKG
1079,TOURNUT Cyril,42:13:48,53,M,FRA
1080,MOUNIER Philippe,42:14:14,55,M,FRA
1081,HOARE Ian,42:14:16,60,M,GBR
1081,SPILLER Seb,42:14:16,-,M,GBR
1083,Latapie Bruno,42:14:58,39,M,FRA
1084,ATTIGNON Valery,42:15:53,44,M,TOG
1085,PROCTOR Andrew,42:16:06,44,M,AUS
1086,VERGES GASSO Sergi,42:16:25,47,M,ESP
1087,berne Nicolas,42:16:47,43,M,FRA
1088,PAGE Julien,42:16:49,42,M,FRA
1089,Osicki Dawid,42:17:12,29,M,POL
1090,Adolfsson Marcus,42:17:29,47,M,SWE
1091,LEHAIR Sophie,42:18:10,36,F,FRA
1092,BASQUIN Florentin,42:18:41,33,M,FRA
1093,HEUZE Franck,42:19:04,58,M,FRA
1094,GUEVELOU Simon,42:19:05,36,M,FRA
1095,Queiroz Junior Wagner,42:19:12,36,M,BRA
1096,Slanzi Gianluca,42:19:31,56,M,ITA
1097,WITEK Boguslaw,42:20:46,56,M,POL
1098,Fiamoncini VALMOR,42:20:49,34,M,BRA
1099,POP Adrian,42:21:21,45,M,USA
1100,SAHRAOUI Hakim,42:22:46,46,M,FRA
1101,Popelák Kamil,42:23:51,43,M,CZE
1102,PORZUCEK Guillaume,42:24:03,38,M,FRA
1103,Crombez Andi,42:24:07,45,M,BEL
1104,96211ANONYMOUS 6anonymous,42:25:16,-,F,POR
1105,vinot Stephane,42:25:42,42,M,FRA
1106,TORRES COLET Xavier,42:26:42,49,M,ESP
1107,Schacherl Simon,42:27:48,33,M,GER
1108,KANG Bongsin,42:27:50,39,M,KOR
1109,LUIS GARZON LANDABASO Jose,42:27:57,48,M,ESP
1110,AGUILAR ESCOBAR Toni,42:28:12,54,M,ESP
1111,REMONDELAZ Bertrand,42:28:17,48,M,SUI
1112,LECLECH MEYER Karen,42:28:28,53,F,FRA
1113,FURRER SVEN,42:29:14,53,M,GER
1114,AMO Joe,42:30:28,59,M,USA
1115,Leppänen Janne,42:30:35,41,M,FIN
1116,Kayabolen Alisan,42:30:44,33,M,TUR
1116,LANTZY Christopher,42:30:44,-,M,USA
1118,USUI Tetsuo,42:30:52,49,M,JPN
1119,GINET Gabriel,42:31:18,34,M,FRA
1120,fujii Masatoshi,42:32:16,45,M,JPN
1121,GLANOWSKI Marek,42:32:34,37,M,POL
1122,SEPPALA Ilkka,42:32:47,47,M,FIN
1123,LAHURE Pascale,42:32:50,49,F,BEL
1124,COX Brian,42:34:03,44,M,USA
1125,Manterola Zaballa Joseba,42:34:08,55,M,ESP
1126,Bon Peter,42:34:14,58,M,NED
1127,STEENS Luc,42:34:29,55,M,BEL
1128,Dudai Chen,42:34:32,36,M,ISR
1129,CORDON BARRIS Lluis,42:35:04,36,M,ESP
1130,guedon Gilles,42:35:21,62,M,FRA
1131,HEISSL Thomas,42:37:06,54,M,AUT
1132,Bonnefous florian,42:38:19,33,M,FRA
1133,SALOMONS Roelof,42:38:45,52,M,NED
1134,Desmet Herman,42:38:49,44,M,BEL
1135,BARTHA Boglarka,42:39:02,47,F,HUN
1136,Laporta Rodrigo,42:39:59,38,M,ARG
1137,FIANDINO Vincent,42:40:31,50,M,FRA
1138,GORIS Rik,42:40:42,43,M,BEL
1139,Roman Dina,42:40:45,42,F,BEL
1140,SCHELLENBACHER Alfred,42:41:00,62,M,AUT
1141,VILHJÁLMSSON Hrólfur,42:41:12,31,M,ISL
1142,KUMIKO SASAHARA AKIKO KAMAKURA,42:41:45,41,F,JPN
1143,Moraud Laurent,42:42:24,46,M,FRA
1143,RAYWARD SMITH Will,42:42:24,38,M,GBR
1143,SU Poying,42:42:24,49,M,TPE
1146,ARTHUS Antoine,42:42:29,54,M,FRA
1147,BENNETT Simon,42:42:49,65,M,GBR
1148,LASCOUX Jean Marc,42:42:58,52,M,FRA
1149,Guichard Jean,42:43:01,46,M,FRA
1150,ROUDIL Hugo,42:43:03,37,M,FRA
1151,LARTIGUE Cyrille,42:43:10,43,M,FRA
1152,de Préville Solène,42:44:42,45,F,FRA
1153,JOHANSSON Patrik,42:44:58,49,M,SWE
1154,CENS Christophe,42:45:05,52,M,FRA
1155,HOLY Richard,42:45:19,48,M,CZE
1156,KAN Lap Kong,42:45:52,45,M,HKG
1157,COLL QUINTANA Alex,42:46:06,39,M,ESP
1157,VERA KAY Elena,42:46:06,54,F,ESP
1159,JULIEN Frederic,42:46:27,59,M,FRA
1160,GAIDE Matt,42:46:29,37,M,USA
1161,SILVA Rui,42:46:34,50,M,POR
1162,PONCET Stephanie,42:46:40,35,F,SUI
1163,LE CLOAREC Christophe,42:46:45,49,M,FRA
1164,Espindola André,42:48:17,53,M,BRA
1165,Rodriguez PEREZ Jose Luis,42:48:28,44,M,VEN
1166,PUANGJIT Somyot,42:49:12,63,M,THA
1167,MARIA ALVAREZ MORATIEL Jose,42:49:47,50,M,ESP
1168,Saito Masahiro,42:51:36,59,M,JPN
1169,CAI Hong,42:52:33,36,M,CHN
1170,Zhu Vicki,42:52:48,38,F,SGP
1171,EMMENEGGER Maic,42:52:49,47,M,SUI
1172,96211ANONYMOUS 7anonymous,42:53:09,-,M,INA
1173,GENNARI Antoine,42:53:39,38,M,FRA
1174,Leblanc Pierre,42:53:49,43,M,FRA
1175,Molloy John,42:54:29,42,M,NZL
1176,LOMBREZ Arnaud,42:54:34,47,M,FRA
1177,pacini Piero,42:54:51,57,M,ITA
1178,Lallemand Thierry,42:56:03,45,M,BEL
1179,LOUE Thibault,42:57:05,32,M,FRA
1180,Lodi Giuliano,42:58:52,44,M,ITA
1181,Cuffe Michael,42:59:17,39,M,AUS
1182,BATES Matthew,42:59:20,31,M,USA
1183,Flamini Erik,42:59:34,48,M,ITA
1184,Dohmen Christophe,42:59:53,45,M,BEL
1185,KRASYNSKA Sylvain,43:01:17,43,M,FRA
1186,lailler Cedric,43:01:21,50,M,FRA
1187,SIGNORET Ghislain,43:01:22,38,M,FRA
1188,HELM James,43:01:32,31,M,GBR
1189,WICKY Sarah,43:02:04,45,F,SUI
1190,blin Frederic,43:02:24,52,M,FRA
1191,Shambrook Paul,43:02:49,48,M,GBR
1192,SORIN Gabin,43:03:17,38,M,FRA
1193,Gabet Christophe,43:04:45,51,M,FRA
1194,COUTON Fabien,43:05:20,44,M,FRA
1195,bourgeois valentin,43:05:25,47,M,FRA
1196,HERMET Nicolas,43:05:32,35,M,FRA
1197,96211ANONYMOUS 8anonymous,43:07:02,-,M,URU
1198,FRECHETTE Ben,43:07:06,43,M,GBR
1199,MARTEEL Rachel,43:07:41,28,F,FRA
1200,XIAO Huijuan,43:08:19,41,F,CHN
1201,PRONNIER Thomas,43:08:30,31,M,FRA
1202,Gaspari Richard,43:08:41,60,M,FRA
1203,TEYRE Cyril,43:10:27,44,M,FRA
1204,CLERGEAU Julien,43:10:34,39,M,FRA
1205,AMIMER Max,43:10:37,54,M,FRA
1206,SAGI Goran,43:11:14,45,M,CRO
1207,DUPIN Sebastien,43:11:25,46,M,FRA
1208,COUSINS Sion,43:13:13,35,M,AUS
1209,CLÉMENT Fabrice,43:13:24,57,M,SUI
1210,Lecomte Raphael,43:13:31,34,M,FRA
1211,Takeda Aki,43:13:39,48,M,JPN
1212,JIN Chun,43:13:41,30,M,CHN
1213,THEISSEN Alexandre,43:16:51,53,M,FRA
1214,Chwiej Marcin,43:16:54,42,M,POL
1215,GUINOT Thierry,43:17:21,61,M,FRA
1216,BRIAND Pierre,43:17:48,34,M,FRA
1217,CHIU Sebastian,43:18:06,31,M,USA
1218,BROWNE Glen,43:18:18,51,M,NZL
1219,PASCAL Vincent,43:18:38,46,,FRA
1220,CHEN WEIDONG,43:18:52,54,M,CHN
1221,DINU Constantin,43:20:55,51,M,FRA
1222,Mugnier Nicolas,43:22:49,41,M,FRA
1223,BIBIANO Sarah,43:23:13,35,F,FRA
1224,Thibaud Yannick,43:24:09,40,M,FRA
1225,TANUSHAJ Taulant,43:24:23,35,M,KOS
1226,LECI Burim,43:24:24,43,M,KOS
1227,LUISET Laurent,43:25:11,51,M,FRA
1228,CHEVALIER Eric,43:25:18,52,M,FRA
1229,RAUH Patrick,43:25:39,33,M,GER
1230,CHAUSSOY Xavier,43:25:55,42,M,FRA
1231,LECOCQ Mathieu,43:26:00,49,M,FRA
1232,BRUNET Nicolas,43:26:17,47,M,FRA
1233,WIBAUT Elodie,43:27:36,38,F,FRA
1234,Christ Laurent,43:28:31,50,M,FRA
1234,Desavoye Stany,43:28:31,33,M,FRA
1236,KEL Charles Louis,43:28:34,47,M,FRA
1237,Bernard Jerome,43:28:44,54,M,FRA
1238,GAUTHIER Norbert,43:29:35,43,M,FRA
1239,ADRIAN LEE Lisanto,43:29:40,-,M,INA
1240,BAINES Paul,43:30:07,41,M,USA
1241,KERVAREC Sebastien,43:30:30,39,M,FRA
1242,BUTTERS Lee,43:31:04,47,M,GBR
1243,Eljai Abdelilah,43:31:32,50,M,MAR
1244,BAE Sungsoo,43:31:35,53,M,KOR
1245,PIETRAREANU ALIN CEZAR,43:32:19,48,M,ROU
1246,PETIT Benjamin,43:33:18,48,M,FRA
1247,CALCAT Alexandre,43:33:20,43,M,FRA
1248,DJELLAB Nadir,43:33:21,41,M,ALG
1248,Zhang Shuyang,43:33:21,34,M,NLD
1250,LUNGU MIHAI,43:34:10,35,M,ROU
1251,PALAO Jean Charles,43:34:41,38,M,FRA
1252,Prouet Fabien,43:34:57,46,M,FRA
1253,MEYER Flavio,43:35:44,51,M,FRA
1254,MOLINS MARQUES Jordi,43:36:32,61,M,ESP
1255,O'KEEFFE MAIREAD,43:36:38,49,F,IRL
1256,KWOK Man Ho,43:36:50,40,M,HKG
1257,KWOK ChingHei Brad,43:36:54,43,M,HKG
1258,MANIN Lucile,43:37:22,37,F,FRA
1259,ABRATE Cedric,43:37:39,47,M,FRA
1260,FOURNIER BIDOZ Martin,43:37:43,40,M,FRA
1261,PREVOT JULIEN,43:38:00,40,M,FRA
1262,PRZYSTAW MAXIM,43:38:32,39,M,GER
1263,TRUNAS VILLALOBOS David,43:38:53,31,M,ESP
1264,Olvaszto Daniel,43:39:27,34,M,HUN
1265,LIN Shisheng,43:39:45,43,M,CHN
1266,Ishii Yoshiyuki,43:40:09,35,M,JPN
1267,BOSCHERI Ewald,43:40:15,37,M,ITA
1268,DESORMEAUX Fabien,43:40:43,52,M,FRA
1269,GRASSINI Cesare Giovanni,43:40:46,49,M,ITA
1270,FLURY Thibaud,43:42:20,47,M,FRA
1271,ASBRINK Karl,43:43:06,42,M,SWE
1271,RENNIE Duncan,43:43:06,38,M,RSA
1273,GUILLOT Antoine,43:43:20,38,M,FRA
1274,Anonymous,43:43:25,-,-,BUL
1275,BONNAT Christophe,43:43:30,50,M,FRA
1276,Antona Giuseppe,43:43:34,43,M,ITA
1277,PODOGORSKA Sebastien,43:43:47,47,M,FRA
1278,ZHOU Hua,43:44:22,44,M,CHN
1279,Poulsen Jesper Rune,43:44:56,36,M,DEN
1280,DE SOUSA Georges,43:45:09,55,M,FRA
1281,POITRAT Mathieu,43:45:40,-,M,FRA
1282,Kheecharernsuk Chalermchai,43:45:47,57,M,THA
1283,MUDRY Nicolas,43:46:06,40,M,FRA
1284,BOLZLI Severine,43:47:05,49,F,SUI
1285,AITELHOCINE Fabrice,43:47:10,54,M,FRA
1286,ORY Patrick,43:47:19,53,M,SUI
1287,GUILBAUD Christophe,43:47:33,52,M,FRA
1288,LENNON Alec,43:47:54,43,M,AUS
1289,FICAJA Stephane,43:48:58,-,M,FRA
1290,Thewissen Thomas,43:48:59,35,M,BEL
1291,JACQUES Karyna,43:49:51,50,F,FRA
1292,Guyot Emmanuel,43:49:58,50,M,CAN
1293,GUERRERO BARRERA Claudia,43:50:55,44,F,USA
1293,KELLEHER Brian,43:50:55,57,M,USA
1295,SOH Hian Lim,43:51:25,59,M,MAS
1296,VALERO BLAS Pedro Jose,43:52:10,-,M,ESP
1297,Covi Matteo,43:52:17,35,M,ITA
1298,HU Pili,43:52:48,35,M,HKG
1298,UYTTENDAELE Mathieu,43:52:48,36,M,BEL
1300,ALONSO BENITEZ Manuel,43:52:52,49,M,ESP
1301,WERZ Markus,43:52:57,52,M,GER
1302,XIONG Zhen,43:54:27,29,M,CHN
1303,Dion Sebastien,43:55:15,43,M,CAN
1304,Boudreau Jean Benoit,43:55:16,41,M,CAN
1305,WONG Gang,43:56:17,40,,CHN
1306,MROWIEC Michal,43:56:20,-,M,USA
1307,Yılmaz Necip,43:56:45,51,M,TUR
1308,GACEL Fabrice,43:56:54,39,M,FRA
1309,Loridan Boris,43:57:32,37,M,FRA
1310,KUHN DAMIEN,43:57:51,41,M,FRA
1310,MUNIZ BRENES Fidel,43:57:51,45,M,ESP
1312,CONCATO Giorgio,43:58:03,55,M,ITA
1313,Fellin Federico,43:58:06,30,M,ITA
1314,CHAN Charlotte,43:58:28,37,F,HKG
1315,Sun JinPing,43:58:39,47,F,CAN
1316,LEMARCHAND Lawrence,43:58:54,34,M,FRA
1317,Browne Colleen,43:59:41,39,F,RSA
1318,JANIN Christian,43:59:44,44,M,FRA
1319,SPULIS Aivars,43:59:59,45,M,LAT
1320,96211ANONYMOUS 9anonymous,44:00:44,-,M,POR
1320,Woo Mun Quen Nelson,44:00:44,44,M,MAS
1322,DANGUIN Cyrille,44:01:12,48,M,FRA
1323,LACOUR Gregory,44:01:20,43,M,FRA
1324,Cooley Jorge,44:01:26,51,M,MEX
1325,DOMAINGUE Jean Claude,44:01:34,51,M,GBR
1326,TRANCHIMAND Antoine,44:01:38,48,M,FRA
1327,AURINE Baptiste,44:01:40,33,M,FRA
1328,PINCHON Maxime,44:01:41,41,M,FRA
1329,POSSO Coraline,44:02:29,33,F,FRA
1330,SANCHEZ DELOPE Mateo,44:02:37,-,M,USA
1331,MARTIN Christophe,44:03:10,61,M,FRA
1332,BOSQUET Nathalie,44:03:15,53,F,FRA
1333,TEO Annie,44:04:13,53,F,SGP
1334,TAYLOR Daniel,44:04:14,51,M,GBR
1335,BRINK David,44:04:31,36,M,DEN
1336,peng Xiao,44:04:35,49,M,CHN
1337,TORDENMALM Mikael,44:04:40,45,M,SWE
1338,Spazzoli Matteo,44:05:31,40,M,ITA
1339,MORETTI Marco,44:05:55,40,M,ITA
1340,Choliere Gwénaël,44:06:11,49,M,FRA
1341,SUGATA Etsuko,44:07:08,59,F,JPN
1342,PAN CHOW Hok,44:07:29,-,M,HKG
1343,BRIERE Bastien,44:08:49,41,M,FRA
1344,FERNANDEZ Augusto,44:09:02,45,M,ESP
1345,PRAT PONS Joni,44:09:13,45,M,ESP
1346,ARANEGA AGUILAR Rafa,44:09:14,49,M,ESP
1347,Shi Wei,44:09:22,46,M,CHN
1348,BURDILLAT Pierre,44:09:34,33,M,FRA
1349,RUTTENS Koen,44:09:58,57,M,USA
1350,Plessis Alexandre,44:10:06,32,M,FRA
1351,MUSIARI Raffaella,44:11:10,54,F,ITA
1352,FAYET Gabriel,44:11:37,46,M,FRA
1353,MANCHION Steve,44:11:39,43,M,FRA
1354,DAUGAS Jeremy,44:11:41,-,M,FRA
1355,Grealy Sarah,44:12:11,41,F,AUS
1356,Jezek Vojtech,44:12:12,61,M,CZE
1357,mapelli Eleonora,44:13:10,48,F,ITA
1358,MORTENSEN Anders,44:13:15,26,M,DEN
1359,MILLOT Vincent,44:13:30,42,M,FRA
1360,LEROUXEL Paul,44:14:02,41,M,FRA
1361,Nguyen Thi Duong,44:15:19,35,F,VIE
1362,BENTATA Loic,44:15:24,31,M,FRA
1363,SANTANA SILVA Raul,44:15:28,31,M,BRA
1364,ANGELO BASSINI Miguel,44:16:11,46,M,BRA
1365,COREY Brian,44:16:15,58,M,USA
1366,LE Phuong Vy,44:16:25,31,F,VIE
1367,LAMINE MENIAI Mohamed,44:16:36,-,M,FRA
1368,Nguyen Tran Cuong,44:17:07,31,M,VIE
1369,NOGAMI Yusuke,44:17:16,54,M,JPN
1370,Desku Astrit,44:17:50,46,M,KOS
1371,Cooksey Andy,44:18:02,63,M,GBR
1372,ROCA Sebastien,44:18:16,47,M,FRA
1373,BATU KUGU Selman,44:19:48,-,M,TUR
1374,ROUSSEL Paul,44:20:04,26,M,FRA
1375,REBINGUET Gaetan,44:20:06,30,M,FRA
1376,VERELLEN Nicolas,44:20:14,-,M,BEL
1377,LOOMANS GUARDIA Bernat,44:20:35,40,M,ESP
1378,FORTANNIER Johnny,44:20:36,43,M,FRA
1379,FAMEREE BENJAMIN,44:20:48,46,M,BEL
1380,Beaney Ollie,44:20:56,31,M,GBR
1381,SHIMIZU Izumi,44:22:16,56,F,JPN
1382,FINOCCHIARO Alexis,44:22:19,52,M,FRA
1383,ANTOLI DOLZ Miguel,44:22:38,57,M,ESP
1384,SIGOGNE Stephanie,44:22:41,41,F,FRA
1385,Pantis Alena Maria,44:22:52,40,F,GER
1386,CHEN YONGHUI,44:23:17,35,M,CHN
1387,Vandepaer Laurent,44:23:20,39,M,BEL
1388,MIGNARD Jerome,44:23:38,51,M,FRA
1389,FAIDUTTI BRUNO,44:24:14,37,M,FRA
1390,Sandkvist Michael,44:24:22,46,M,SWE
1391,Marques Elodie,44:24:24,37,F,FRA
1392,HO YIP Tak,44:25:10,-,M,HKG
1393,96211ANONYMOUS 10anonymous,44:25:35,-,M,FRA
1394,DULAU Hadrien,44:25:42,41,M,FRA
1395,BENNETT Nadine,44:25:51,41,F,GBR
1395,Sguerzi Patrice,44:25:51,51,M,FRA
1397,WONG Yuen Ching,44:27:00,46,F,HKG
1398,JULLIAN Sebastien,44:27:54,54,M,FRA
1399,HENOCQ Stephen,44:28:24,48,M,FRA
1400,FICHEUX David,44:28:26,50,M,FRA
1401,BERTHOUD Antoine,44:29:07,31,M,FRA
1402,SAIFULLAH Dede,44:29:17,30,M,INA
1403,YOSHINO Tsuyoshi,44:29:38,50,M,JPN
1404,CATENNE Christophe,44:29:40,48,M,FRA
1405,Giustino Giuseppe,44:29:45,43,M,ITA
1406,Placht Rudi,44:30:03,52,M,NOR
1407,CREPIN Francois,44:31:17,39,M,FRA
1408,GEOFFROY Xavier,44:31:26,46,M,FRA
1409,96211ANONYMOUS 11anonymous,44:31:30,-,M,FRA
1410,RENAILLER Frederic,44:31:33,43,M,FRA
1411,VIEYTES Joaquin,44:32:10,36,M,ITA
1412,DOYLE Padraig,44:33:12,41,M,IRL
1413,CIRCELLI Ludovic,44:33:33,33,M,SUI
1414,LIU SHIFENG,44:33:52,53,M,CHN
1415,Silva Marco,44:34:04,50,M,POR
1416,96211ANONYMOUS 12anonymous,44:35:15,-,M,JPN
1416,FARE Angela,44:35:15,43,F,ITA
1418,BURGOS FRIAS Hamlet,44:35:36,46,M,DOM
1419,EVANS Russell,44:35:38,48,M,AUS
1420,CAPRA Lorenzo,44:35:39,56,M,ITA
1421,FAI LO Kin,44:35:49,-,M,HKG
1422,ESSON Jerome,44:36:23,53,M,FRA
1423,DUPONT Guillaume,44:36:48,49,M,FRA
1424,KARADOTTIR Rakel,44:37:17,45,F,ISL
1425,LIONNET Arthur,44:37:30,34,M,FRA
1426,CASSAIGNE Cyril,44:37:33,34,M,FRA
1427,BELMONTE GALVEZ Ali,44:37:51,42,F,ESP
1428,LE MOAL Daniel,44:38:00,52,M,FRA
1429,Lannoy Florent,44:38:09,41,M,FRA
1430,LE ROUX Stephane,44:38:10,53,M,FRA
1431,DESCAMPS Denis,44:38:35,65,M,FRA
1432,ROELING Erik,44:38:38,44,M,NED
1433,EL BAKRI Aziz,44:38:59,36,M,FRA
1434,CHOW Lap Koon,44:39:23,65,M,HKG
1435,xu Wei,44:39:58,39,M,CHN
1436,LY Tony,44:40:17,40,M,AUS
1437,VERDIER Thomas,44:40:33,38,M,FRA
1438,DEPYS Simon,44:40:35,38,M,FRA
1439,Depys Damien,44:40:37,36,M,FRA
1440,Ageno Riccardo,44:40:40,39,M,ITA
1441,NIA SWASTIKA Septiana,44:40:51,39,F,INA
1442,COPIN Frederic,44:42:39,45,M,FRA
1443,Ng Ka Cheong,44:43:23,50,M,HKG
1444,96211ANONYMOUS 13anonymous,44:43:37,-,M,FRA
1445,Labianca Loris,44:43:43,31,M,FRA
1446,Yip Joseph,44:44:08,49,M,HKG
1447,MERCHANTE PAMPLIEGA Luis,44:44:29,50,M,ESP
1448,MARTINEZ HANSEN Vanesa,44:44:47,44,F,ESP
1449,MEISER Sebastian,44:45:47,36,M,GER
1450,HOANG Vinh Hung,44:45:58,39,M,VIE
1451,LORTHIOS Nicolas,44:47:08,37,M,FRA
1452,Capota Marius,44:47:26,45,M,GER
1453,Celli Stefano,44:47:39,48,M,ITA
1454,MAYOT Xavier,44:48:20,46,M,FRA
1455,Howard Sophie,44:48:22,39,F,GBR
1456,Neale Tamsin,44:48:23,52,F,GBR
1457,BORINATTO Michel,44:48:41,38,M,ITA
1458,SCHACHER Eric,44:48:53,55,M,FRA
1459,PAGET Remy,44:49:11,37,M,FRA
1460,JAVIER REINO ASMAL Luis,44:49:17,-,M,ECU
1461,GEISER Amaury,44:49:44,53,M,FRA
1461,Newman Greg,44:49:44,49,M,USA
1463,EFFRANCEY Philippe,44:49:46,60,M,FRA
1464,gonzalez omar,44:50:04,55,M,ARG
1465,KOINUMA MAKOTO,44:50:20,52,M,JPN
1466,Cheung Ming Fung,44:50:24,38,M,HKG
1467,WONGWORRATHEVA Wanlika,44:50:43,34,F,THA
1468,WEBER Markus,44:51:20,46,M,GER
1469,yhooyued Kittipong,44:51:31,39,M,THA
1470,BEUKES Jacques,44:51:37,48,M,RSA
1471,Fourniols Patrick,44:51:40,59,M,FRA
1472,HUCHINGSON James,44:51:56,-,M,USA
1473,MORETTON Cédric,44:52:01,41,M,FRA
1474,FOURNEL Franck,44:52:02,42,M,FRA
1475,TURNER Iain,44:52:32,35,M,USA
1476,TROUGHTON Philip,44:52:46,45,M,GBR
1477,JIA PENG,44:52:54,43,M,CHN
1478,MIELECKI Maciej,44:53:25,57,M,POL
1479,POLAUD Jerome,44:55:00,46,M,FRA
1480,Zivanovic Nikola,44:55:37,44,M,SRB
1481,Gless Clement,44:56:38,38,M,FRA
1482,Angelini Stefano,44:56:42,51,M,ITA
1483,Disteque Samuel,44:58:23,46,M,BEL
1484,JEDRASZEK Alicja,44:58:29,46,F,POL
1485,BARREAU Jeremy,44:59:01,30,M,FRA
1486,Gohier Sylvain,44:59:22,51,M,FRA
1487,Lee Wen Ren,44:59:45,36,M,BRU
1488,BERTHELIN Christophe,45:00:42,51,M,FRA
1489,LE HOUE Jean Benoit,45:01:15,38,M,FRA
1490,HUMBERT Benoit,45:01:22,51,M,FRA
1491,VAN DER EIJK Jan,45:01:40,46,M,NED
1492,Collini Massimo,45:01:49,50,M,ITA
1493,EWALD Thomas,45:02:49,53,M,GER
1493,STAEHLE Mareile,45:02:49,49,F,GER
1495,van der Holst Anthony,45:03:40,26,M,NED
1496,HABLOT Ghislain,45:04:17,41,M,FRA
1497,YANG Xing,45:04:33,32,M,CHN
1498,Baldwin Nic,45:04:49,40,M,GBR
1499,KUMAR VERMA Deepak,45:05:03,-,M,AUS
1499,MAGLIANO GUIDO,45:05:03,61,M,ITA
1499,Ward Peter,45:05:03,38,M,USA
1502,PREGLIASCO Jonatan,45:05:28,38,M,ARG
1503,AUBRY Pierre,45:05:53,49,M,SUI
1504,SIC KANG In,45:05:54,-,M,KOR
1505,MAXWELL Andrew,45:05:56,-,M,GBR
1506,BOCHE Nicolas,45:06:18,49,M,FRA
1507,LUK Kwok Hang,45:06:49,49,M,HKG
1508,SRISUTTINUN Rabin,45:06:51,38,M,THA
1509,TANTIVEERASUT Suda,45:06:55,38,F,THA
1510,BOREHAM Leon,45:07:26,53,M,GBR
1511,96211ANONYMOUS 14anonymous,45:07:29,-,M,BRA
1512,Cheung Wai Ching,45:08:53,32,F,HKG
1512,PETRIAUX Marc,45:08:53,53,M,BEL
1514,POH Samuel,45:09:33,47,M,SGP
1515,FORSTER Arnaud,45:09:50,55,M,SUI
1516,Kayser Julian,45:10:10,29,M,GER
1517,PENG Qian,45:10:21,-,M,USA
1518,NAGAHAMA Yasue,45:10:35,51,F,JPN
1519,SCHAEFFER Peter,45:10:41,33,M,FRA
1520,Dekreon Xavier,45:11:00,22,M,FRA
1521,KREPSIK Matthew,45:11:42,42,M,USA
1522,LIU Wei,45:12:06,32,M,CHN
1523,TORRES Jose,45:12:12,30,M,ESP
1524,TRAWINSKI Ingrid,45:12:25,51,F,FRA
1525,FIRTH JAHN,45:12:28,36,M,GBR
1526,BARRY Lynne,45:12:37,56,F,AUS
1527,LIU Ying,45:12:49,36,F,CHN
1528,CALVEZ Christophe,45:13:16,47,M,FRA
1529,COLOM TORRES Joan Josep,45:13:23,-,M,ESP
1530,LODER Daniel,45:13:35,49,M,USA
1531,PICK Guillaume,45:13:53,45,M,FRA
1532,FIRNKORN Joerg,45:13:59,44,M,GER
1533,BRUNNER JUERGEN,45:14:01,47,M,AUT
1534,GANSHOFER Rene,45:14:04,48,M,AUT
1535,LAMPL Wolfgang,45:14:06,49,M,AUT
1535,Ongena Ann,45:14:06,60,F,USA
1537,RAMON MUNOZ Juan,45:14:16,37,M,MEX
1538,PEDERSEN Kim Jessing,45:14:22,53,M,DEN
1539,LEE JUHA,45:14:41,58,M,KOR
1540,MCKENNA Gareth,45:14:42,56,M,GBR
1541,Glodowski Martin,45:15:21,38,M,GER
1542,CHOU Chaiwen,45:15:33,41,F,USA
1543,MUKAI Yuichi,45:15:45,46,M,JPN
1544,Golebiowski Adam,45:16:18,44,M,AUS
1545,Willems Gaetan,45:16:21,51,M,BEL
1546,Da Silva fabio,45:16:34,38,M,POR
1547,GALERNE Guillaume,45:16:37,27,M,FRA
1548,Barranco Yann,45:16:53,41,M,FRA
1549,CARMELA Vergura,45:17:17,61,F,ITA
1550,FEY Enrique,45:17:19,59,M,ARG
1551,GALLAS Laurent,45:17:38,53,M,FRA
1552,Parker Brandon,45:17:43,43,M,USA
1553,GOODING Evan,45:18:15,40,M,AUS
1554,MONTET Sophie,45:18:30,31,F,FRA
1555,MANY Michael,45:18:33,54,M,FRA
1556,Doumen Thomas,45:18:40,39,M,FRA
1557,Marta Massimiliano,45:19:13,60,M,ITA
1558,LUCAS LUCAS Adam,45:19:31,51,M,GBR
1559,Nogueira Renato,45:20:35,56,M,BRA
1560,MEHL Jean Pierre,45:20:39,57,M,FRA
1561,CARTIER Emmanuel,45:20:54,52,,FRA
1562,PIGASSE Thomas,45:20:55,45,M,FRA
1563,Siegfried jerome,45:21:04,39,M,SUI
1564,AYADI Mohamed,45:21:20,42,M,FRA
1565,MARTINEZ Jesus,45:21:46,46,M,ESP
1566,pesce gabriele,45:21:52,53,M,ITA
1567,DULAIT Daphne,45:22:06,46,F,BEL
1568,BROUSTEAU Cedric,45:22:22,46,M,FRA
1569,CHAO Tzu Hsien,45:23:08,44,M,TPE
1570,CARRAL Jean Francois,45:23:11,51,M,FRA
1570,KANMACHER Philippe,45:23:11,59,M,FRA
1572,LAU Wai Ying Nina,45:23:19,51,F,HKG
1573,XIONG Shi,45:23:58,45,M,CHN
1574,LEDUEY Aurelien,45:24:02,40,M,FRA
1575,CHEOL KIM Hoe,45:24:11,-,M,KOR
1576,Gao feifei,45:24:15,39,F,CHN
1577,BALAHACHI Rafion,45:24:19,44,M,FRA
1578,Son Huigu,45:24:40,33,M,PRK
1579,Kosmala Pawel,45:24:43,55,M,POL
1580,Bacchi Federico,45:25:11,36,M,ITA
1581,NANI Beatrice,45:25:14,41,F,ITA
1582,LEGER Luc,45:25:16,58,M,FRA
1583,CANCIO Jorge,45:25:31,39,M,ESP
1584,VIDAL Manuel,45:25:42,51,M,FRA
1585,LEE Chunsic,45:25:44,43,M,KOR
1586,SAINT EVE Jean Bernard,45:26:33,61,M,FRA
1587,CONVERY Rebecca,45:27:04,-,F,USA
1588,FALQUE Stephanie,45:27:06,40,F,FRA
1589,Popaichayon Karan,45:27:43,45,M,THA
1590,MICHEL Baptiste,45:27:46,36,M,FRA
1591,CHEN QILI,45:28:25,34,M,CHN
1592,liang feng,45:30:29,38,M,CHN
1593,BAGA Alda,45:30:52,56,F,ITA
1594,Thomas Sebastien,45:31:15,43,M,FRA
1595,SCOTTO DI FASANO Sebastien,45:31:22,36,M,FRA
1596,GURUNG Tirtha,45:31:32,37,F,GBR
1597,Delval Alexandre,45:31:53,34,M,FRA
1598,Develay Ludovic,45:32:01,53,M,FRA
1599,DONKIN Agnieszka,45:32:12,42,F,POL
1600,ROBB Scott,45:32:34,56,M,GBR
1601,QUAN Pinjie,45:32:53,36,M,CHN
1602,KAREN Debie,45:33:19,52,F,BEL
1603,RUINOFF Andrew,45:33:21,41,M,GBR
1604,WHEAT Kevin,45:33:22,39,M,USA
1605,Miranda Maite,45:33:54,47,F,ARG
1606,96211ANONYMOUS 15anonymous,45:34:10,-,M,NED
1607,ZHANG Qiang,45:34:24,43,M,CHN
1608,PHILIPPE SACHOT Jean,45:34:42,-,M,FRA
1609,RABUSSIER Romain,45:34:55,34,M,FRA
1610,KRAUSS Garion,45:34:57,51,M,RSA
1611,Mermet Pierre,45:35:03,38,M,FRA
1612,96211ANONYMOUS 16anonymous,45:35:32,-,M,HKG
1613,96211ANONYMOUS 17anonymous,45:35:47,-,M,FRA
1614,Lykissas Gerasimos Spyridon,45:36:47,59,M,GRE
1614,Wolff Matthieu,45:36:47,39,M,FRA
1616,HANSEN Dennis,45:38:04,47,M,DEN
1617,RODRIGUEZ Enrique,45:38:15,45,M,ESP
1618,AU Yan Hei Antony,45:38:51,41,M,HKG
1619,YU Kaman,45:38:53,35,F,HKG
1620,MELOTTO Andrea,45:40:59,40,M,ITA
1621,COMBE Jorge,45:41:19,-,M,MEX
1622,GATTOLLIAT Alain,45:41:22,56,M,SUI
1623,LUIS DA SILVA Antonio,45:41:41,-,M,SUI
1624,BARRAULT Yoann,45:41:42,41,M,FRA
1625,CASTAGNINI FRANCESCO,45:41:43,36,M,ITA
1626,Jones Matthew,45:41:51,25,M,USA
1627,HOSHIKAWA Masahito,45:41:53,51,M,JPN
1628,RAMIREZ RODRIGUEZ Esteban,45:41:59,62,M,ESP
1629,Jung Chulsoon,45:42:01,39,M,KOR
1630,MINAUD Guillaume,45:42:43,42,M,FRA
1631,Martini Kristian,45:43:05,46,M,ITA
1632,SOL JULIEN,45:43:16,36,M,FRA
1633,MARTIN Jeremy,45:43:20,40,M,FRA
1634,BERTEN Arnaud,45:43:30,45,M,FRA
1635,JO Yonggook,45:43:32,55,M,KOR
1636,CORTIJO SIMARRO Adrian,45:43:33,26,M,ESP
1637,Brusco Davide,45:43:36,39,M,ITA
1638,VAN KEMMEL Stan,45:44:02,-,M,FRA
1639,Ziagkalos Dimitrios,45:44:10,49,M,GRE
1640,LAPIERRE Christophe,45:44:16,52,M,FRA
1641,YAMAGUCHI Junya,45:44:46,34,M,JPN
1642,NG Kwok Tung,45:45:11,42,M,HKG
1643,MATTHEWS James,45:45:36,37,M,GBR
1644,SAGER Julie,45:45:47,53,F,AUS
1645,DORIA Felipe,45:45:50,-,M,ARG
1646,Luo Binhao,45:46:16,24,M,CHN
1647,Guzman Jose Manuel,45:46:21,30,M,MEX
1648,MALIGE Aurélie,45:46:40,40,,FRA
1649,Suphamala Suriya,45:46:47,45,M,THA
1650,SAMANO Eduardo,45:46:55,-,M,MEX
1651,badoux Jonathan,45:47:01,38,M,FRA
1652,BLANCHET Pierre,45:47:15,39,M,FRA
1653,Zhu Junhua,45:47:32,37,M,CHN
1654,VELASCO Germán,45:47:33,50,M,ARG
1655,MIETZNER Christian,45:47:35,54,M,GER
1656,PARENT Olivier,45:47:42,42,M,FRA
1657,PARKER Ben,45:47:45,47,M,AUS
1658,GAITAN Lucas,45:48:06,61,M,DOM
1659,BERGAMINI Marco,45:48:36,48,M,ITA
1660,URIEL CAVA Sandro,45:48:46,-,M,ARG
1661,TESSIER Jean Marie,45:48:53,62,M,FRA
1662,Smith Mike,45:48:58,67,M,USA
1663,FEBBO Salvatore,45:49:26,-,M,AUS
1664,HERRING Nicolette,45:50:12,52,F,RSA
1665,AHN Byeung Sik,45:50:25,51,M,KOR
1666,ABRIEL Sylvain,45:51:28,45,M,FRA
1667,Tercier Frédéric,45:51:37,47,M,SUI
1668,Sakhornphithakkul Hassanai,45:52:02,36,M,THA
1669,Dal Molin Manuela,45:52:03,40,F,AUT
1670,MORENO RODRIGUEZ Ruben Dario,45:52:05,43,M,COL
1671,BAH Malik,45:52:16,48,M,FRA
1672,NAUDOU Younick,45:52:24,51,M,FRA
1673,ORDRONNEAU Ludovic,45:53:31,41,M,FRA
1674,THINH TRUONG Cong,45:53:33,-,M,VIE
1675,Pichard Remy,45:54:00,35,M,FRA
1676,LEE Jae Hoon,45:54:10,58,M,USA
1677,VICTOR CASTAN Agusti,45:54:17,61,M,ESP
1678,FICHET Corentin,45:54:53,29,M,FRA
1679,Ito Kento,45:55:14,54,M,JPN
1680,WOLNY Zdzislaw,45:55:37,64,M,POL
1681,LEO Mathieu,45:57:09,47,M,FRA
1682,ismail Norlela,45:58:12,48,F,MAS
1683,iriart Mathieu,45:58:22,43,M,FRA
1684,TENG Da,45:58:52,42,F,CHN
1685,COLLET FENETRIER Philippe,45:59:12,54,M,FRA
1686,JANRAKSUKHUM Chanwit,45:59:29,44,M,THA
1687,96211ANONYMOUS 18anonymous,45:59:39,-,M,THA
1687,TURBLIN Roland,45:59:39,-,M,FRA
1689,KING Lamont,45:59:45,51,M,USA
1690,WITSEN Olaf,45:59:50,-,M,NED
1691,LI Ling,45:59:58,53,F,CHN
1692,Ciesla Bartosz,46:00:22,31,M,POL
1693,Poggesi Farida,46:00:27,54,F,ITA
1694,TRIEBEL Guenter,46:00:34,54,M,AUT
1695,Labaisse Arnaud,46:00:50,55,M,FRA
1696,HERRMANN Claudia,46:00:52,41,F,GER
1697,Sanchez Antonio,46:01:35,50,M,SUI
1698,Uchida Saiko,46:01:45,50,F,JPN
1699,Polymenakos Ioannis,46:01:54,31,M,GRE
1700,YAN Yuhu,46:02:15,-,M,USA
1701,LAVAL Sophie,46:03:16,51,F,FRA
1702,BEGIC Maid,46:03:32,-,M,BIH
1703,PARISOT Stephane,46:03:34,46,M,FRA
1704,BAFI Keyvan,46:04:01,32,M,FRA
1705,stephan Nicolas,46:04:24,49,M,FRA
1706,MCARTHUR William,46:05:03,47,M,USA
1707,OKADA Takumi,46:05:29,37,M,JPN
1708,MATSUNO Keisuke,46:05:40,40,M,JPN
1709,Man Hypnos,46:05:45,42,M,HKG
1710,Lopez Galera Angel,46:05:48,26,M,ESP
1711,ZABALETA Jordi,46:05:51,-,M,ESP
1712,DABIN Florian,46:06:00,42,M,FRA
1713,SCARAMELLI Emanuele,46:06:28,44,M,ITA
1714,TSUKIOKA Takashi,46:07:02,51,M,JPN
1715,SCHINCARIOL Guillaume,46:07:09,46,M,FRA
1716,KAVYANI Kiarash,46:07:34,33,M,IRI
1717,96211ANONYMOUS 19anonymous,46:07:37,-,M,JPN
1718,ZHOU Weichun,46:07:50,41,M,CHN
1719,WANG Xianqiong,46:07:55,50,F,CHN
1720,BAUMY Francois Xavier,46:08:09,48,M,FRA
1721,XU Di Tony,46:08:29,43,M,HKG
1722,ABAD LAMAS Patricia,46:08:44,60,F,BEL
1723,Sung Pui Yu,46:08:47,44,M,HKG
1724,REZE BAPTISTE,46:08:50,29,M,FRA
1725,MARA BOGDAN STEFAN,46:09:44,41,M,ROU
1726,ENNES Juliana,46:10:09,-,F,BRA
1727,NA Jongki,46:10:35,54,M,KOR
1728,kim misuk,46:10:37,54,F,KOR
1729,96211ANONYMOUS 20anonymous,46:11:15,-,M,THA
1730,96211ANONYMOUS 21anonymous,46:11:17,-,M,HKG
1731,wang Xianming,46:11:53,39,M,CHN
1732,SLEGERS NICOLAS,46:11:57,40,M,BEL
1733,RESTIVAN Radu,46:12:16,37,M,ROU
1734,MADONO Akio,46:12:30,46,M,JPN
1735,MADONO Mari,46:12:31,52,F,JPN
1736,HO Siu Tung,46:12:40,46,M,HKG
1737,POTIER Frederic,46:12:46,52,M,BEL
1738,Nakit Somkid,46:12:54,44,M,THA
1739,mabboux Florence,46:12:58,53,F,FRA
1740,ROESLE LAURENT,46:13:03,35,M,FRA
1741,LAM CHING KWONG,46:13:16,47,M,HKG
1742,Moureau Benjamin,46:13:17,42,M,FRA
1743,Zegers Juan Carlos,46:14:20,51,M,CHI
1744,CHIU DANIELLA,46:14:54,39,F,GBR
1745,LYU Ruihan,46:16:40,39,F,CHN
1746,scheer Guillaume,46:17:31,30,M,FRA
1747,Jordow Peter,46:18:07,47,M,SWE
1748,Anonymous,46:18:20,-,-,CHN
1749,ROBAS BONDIA Héctor,46:18:47,40,M,ESP
1750,Jezek Liselott,46:19:24,39,F,SWE
1751,BARDOT Jean Baptiste,46:19:50,41,M,FRA
1752,PLAZA NIETO Augusto,46:21:07,46,M,ESP
1752,SOL HONG Han,46:21:07,-,M,KOR
1754,wang qing,46:21:11,50,F,CAN
1755,ROST Zbyszek,46:21:45,42,M,POL
1756,MAYORGA Aura,46:21:51,54,F,USA
1757,TU Ruidi,46:35:18,-,M,CHN
1758,PLOM Dominique,46:37:07,47,M,BEL
1759,BENOIT Christian,46:45:23,63,M,FRA
1760,SHIGA Ikuko,46:45:35,45,F,JPN
DNF,96211ANONYMOUS 22anonymous,,-,F,FRA
DNF,96211ANONYMOUS 23anonymous,,-,M,FRA
DNF,96211ANONYMOUS 24anonymous,,-,M,CHN
DNF,96211ANONYMOUS 25anonymous,,-,M,FRA
DNF,96211ANONYMOUS 26anonymous,,-,M,BEL
DNF,96211ANONYMOUS 27anonymous,,-,M,BEL
DNF,96211ANONYMOUS 28anonymous,,-,M,SWE
DNF,96211ANONYMOUS 29anonymous,,-,M,CHN
DNF,96211ANONYMOUS 30anonymous,,-,M,CHN
DNF,96211ANONYMOUS 31anonymous,,-,M,KOR
DNF,96211ANONYMOUS 32anonymous,,-,F,ROU
DNF,96211ANONYMOUS 33anonymous,,-,F,FRA
DNF,Abbal Nicolas,,38,M,FRA
DNF,Adell Arnaud,,45,M,FRA
DNF,AEBY Patrick,,56,M,SUI
DNF,AL ZAKWANI Khusaif,,49,M,OMA
DNF,ALBRECHTSEN Emil,,26,M,DEN
DNF,ali jose alfredo,,43,M,ARG
DNF,Allaz Simon,,42,M,SUI
DNF,ALLEN Hillary,,36,F,USA
DNF,Allen Rhodric,,29,M,GBR
DNF,Alli Ahmad,,45,M,RSA
DNF,ALMSTEDT MALMGREN Camilla,,42,F,SWE
DNF,AMAGUANA Alex Enrique,,45,M,ECU
DNF,AMARO IZAGUIRRE COTO Luis,,-,M,ESP
DNF,AMIEL Franck,,54,M,FRA
DNF,Ando Atsuko,,45,F,JPN
DNF,ANDREATTA Nelson,,36,M,ARG
DNF,Antonov Mladen,,41,M,BUL
DNF,ARBOGAST Herve,,44,M,FRA
DNF,Ardossi Nicola,,45,M,ITA
DNF,ARIAS Dani,,39,M,ESP
DNF,ARIAS Robin,,42,M,ESP
DNF,Arnaud LAURENT,,56,M,FRA
DNF,ARSENIO Miguel,,28,M,POR
DNF,Asselin-Demers Geneviève,,36,M,CAN
DNF,ASTIER Stephen,,36,M,FRA
DNF,AUGUNAS Rokas,,30,M,LTU
DNF,AURELL PERE,,41,M,ESP
DNF,Ausserhofer Philipp,,32,M,ITA
DNF,Autino Andrea,,40,M,ITA
DNF,Avenel Maxime,,32,M,FRA
DNF,AWYONG Kwailan,,-,F,MAS
DNF,BAARS Anouk,,46,F,NED
DNF,BACYS Modestas,,43,M,LTU
DNF,BAHARIM Khalil Fairy,,40,M,MAS
DNF,BAI MENG,,32,M,CHN
DNF,Anonymous,,-,-,SRB
DNF,Bangwiroonrag Wannachai,,65,M,THA
DNF,Bansard Francois,,47,M,FRA
DNF,Baraniak Radoslaw,,52,M,POL
DNF,Barbellion Anthonny,,42,M,FRA
DNF,BARBET Arnaud,,43,M,FRA
DNF,BARES Pierre,,38,M,FRA
DNF,BARKIOUCH Naoufal,,33,M,ESP
DNF,BARNETTE Grant,,28,M,USA
DNF,BARON Alexis,,27,M,FRA
DNF,BARRALE Anne Laure,,54,F,SUI
DNF,BARRETO Vasco,,50,M,POR
DNF,BARROS Gustavo,,48,M,POR
DNF,BARRY Oliver,,44,M,GBR
DNF,BASHAM Amanda,,35,F,USA
DNF,BASSET Romain,,44,M,FRA
DNF,Batista Albino,,42,M,POR
DNF,Battisti Thomas,,33,M,ITA
DNF,Baud David,,51,M,SUI
DNF,BEAUFILS FLORENT,,40,M,FRA
DNF,BEAUSEIGNEUR Christophe,,47,M,FRA
DNF,BECK Christine,,52,F,GER
DNF,BECOUARN Guillaume,,61,M,FRA
DNF,BEECHE Dave,,54,M,NZL
DNF,BELLON Nicolas,,42,M,FRA
DNF,Bender David,,42,M,SUI
DNF,Benedetti Andrea,,49,M,ITA
DNF,BEOT David,,48,M,FRA
DNF,BERALDO David,,40,M,ITA
DNF,BERAUD Alexandre,,34,M,FRA
DNF,BERCHET Remi,,39,M,FRA
DNF,Berg Frederic,,53,M,FRA
DNF,Bettini Francesco,,38,M,ITA
DNF,Beutler Roger,,49,M,USA
DNF,BIAVA Lionel,,50,M,FRA
DNF,Bijsma Lourens,,40,M,NED
DNF,Biktimirovs Konstantins,,32,M,LAT
DNF,Blanchard Mathieu,,37,M,FRA
DNF,Bochaton Christophe,,52,M,FRA
DNF,BOEN Olivier,,45,M,BEL
DNF,Boifava Alessandra,,45,F,ITA
DNF,BOMPARD Patrice,,45,M,FRA
DNF,BOND Jonathan,,33,M,CAN
DNF,BONET Maria,,40,F,ESP
DNF,BONNARD Julien,,45,M,FRA
DNF,Bonotto Guido,,54,M,ITA
DNF,BOON SEONG OOI,,51,M,MAS
DNF,BOREL Maximin,,22,M,FRA
DNF,BORGIALLI Riccardo,,33,M,ITA
DNF,Borsuk Alexandra,,36,F,USA
DNF,BOSCHETTI Pierre,,33,M,FRA
DNF,Bossetto Marco Aurélio,,56,M,BRA
DNF,BOUCHER PASCAL,,54,M,FRA
DNF,BOUJARD Olivier,,43,M,FRA
DNF,BOURDARIAS Pascal,,63,M,FRA
DNF,BOUSQUET Michelle,,49,F,CAN
DNF,BOUSTATIN Morad,,43,M,FRA
DNF,BOUTTIER Herve,,44,M,FRA
DNF,BOUVRAT Frederic,,52,M,FRA
DNF,BRAČKO BOJAN,,42,M,CRO
DNF,BRADEA Benjamin,,-,M,USA
DNF,BRANCALEONE Barbara,,51,F,ITA
DNF,Branchu Benjamin,,37,M,FRA
DNF,BRASHEAR ROBERT,,65,M,USA
DNF,BREN Eric,,58,M,FRA
DNF,BRENNAN Paul,,39,M,IRL
DNF,Bresciani Tommaso,,42,M,ITA
DNF,BRETHOUS YANNICK,,44,M,FRA
DNF,BRICE Eric,,59,M,FRA
DNF,Broberg Jussi,,41,M,FIN
DNF,Broilliard Lionel,,51,M,FRA
DNF,BROWN Roderick,,53,M,GBR
DNF,BRUNNER Christian,,51,M,AUT
DNF,Brut torres Eric Thadee,,59,M,ESP
DNF,BUCHAS Fatima,,-,F,POR
DNF,Bugey Xavier,,50,M,FRA
DNF,BUGNION Yohan,,-,M,SUI
DNF,BURDAKOV Denis,,-,M,SUI
DNF,Burgos SILVIA GABRIELA,,51,F,DEN
DNF,BURNETT Philip,,60,M,GBR
DNF,BUSST Russell,,62,M,GBR
DNF,BUTACI Raul,,39,M,ROU
DNF,BUTTET Tanguy,,26,M,FRA
DNF,BYANJANKAR Ramesh,,50,M,USA
DNF,Calm Julien,,51,M,FRA
DNF,CAMILLERI ADRIAN,,51,M,MLT
DNF,CANADAY Sage,,39,M,USA
DNF,Cangini Jacopo,,57,M,ITA
DNF,CANO OLABE Kevin,,29,M,ESP
DNF,CANON Jacques,,63,M,FRA
DNF,CAO LEI,,52,M,CHN
DNF,CAPDEVILA ROMEU Eduard,,45,M,ESP
DNF,CAPELL Pau,,33,M,ESP
DNF,CAPOULADE ALAIN,,61,M,FRA
DNF,CAPUCCI Fabio,,38,M,ITA
DNF,CARRON Claude Alain,,59,M,SUI
DNF,CASSIDY Keith,,43,M,USA
DNF,CASTELLAN Erick,,37,M,FRA
DNF,CASTRO Marije,,54,F,ESP
DNF,CASTRO PEREZ JESUS EMILIO,,44,M,ESP
DNF,CATALANI Simone,,49,M,ITA
DNF,CATHERINNE Laurent,,48,M,FRA
DNF,CAUMONT YVES,,61,M,FRA
DNF,CAUSSE Stephane,,57,M,FRA
DNF,CAVAS CABRERA Daniel,,30,M,ESP
DNF,CEBALLOS Juan Carlos,,41,M,COL
DNF,ceccarini guilhem,,49,M,FRA
DNF,CEIA Luis,,34,M,POR
DNF,CELIK Burakcan,,31,M,TUR
DNF,CELLAMARO Franck,,39,M,FRA
DNF,Cerina Loris,,55,M,ITA
DNF,CERNEVSKA Lauma,,39,F,LAT
DNF,CHADEYRON Benjamin,,40,M,FRA
DNF,Chahl Tara,,47,F,CAN
DNF,Chaix Claude,,46,M,FRA
DNF,Chamblay Julien,,38,M,FRA
DNF,CHAN Henry,,59,M,HKG
DNF,CHAN Larry,,58,M,HKG
DNF,CHANCEREL Stephane,,48,M,FRA
DNF,CHANE TO Sebastien,,41,M,FRA
DNF,CHANG Hyunsik,,-,M,KOR
DNF,CHANIAGO Adryansyah,,57,M,INA
DNF,CHAPEL Claude,,54,M,FRA
DNF,CHARLOT Pierre,,51,M,BEL
DNF,CHAU Chi Yip,,45,M,HKG
DNF,CHEN Jianping,,54,F,CHN
DNF,CHEN XIAOHUI,,43,M,CHN
DNF,CHENG HUNG ON,,51,M,HKG
DNF,CHEONG YOUNGJUN,,45,M,KOR
DNF,CHERTA Ricardo,,27,M,ESP
DNF,CHEUK YIN Cheung,,-,M,HKG
DNF,CHEW DENIS,,66,M,AUS
DNF,Chiaradia Gisele,,42,F,BRA
DNF,CHIRI Christophe,,44,M,SUI
DNF,Chittenden Stuart,,41,M,GBR
DNF,CHOPIN Ambroise,,29,M,FRA
DNF,CHOQUENE Renaud,,44,M,FRA
DNF,CHRISTIE Dave,,45,M,GBR
DNF,CHRISTOPHE PRECOMA Jean,,-,M,FRA
DNF,CISTOV Artur,,45,M,LTU
DNF,CLARIMON Olivier,,54,M,FRA
DNF,Clark Alan,,61,M,GBR
DNF,CLARKE Paul,,61,M,GBR
DNF,CLEMENT Mathieu,,29,M,SUI
DNF,CLOUX Alexandre,,58,M,FRA
DNF,COATANTIEC Baptiste,,27,M,FRA
DNF,COLE JONES Dylan,,52,M,GBR
DNF,Colin Philippe,,56,M,FRA
DNF,COLOMAR RIBAS Jose Antonio,,45,M,ESP
DNF,Comparin Paolo,,33,M,ITA
DNF,CONSTANT Nicolas,,30,M,FRA
DNF,CONSUL MANRIQUE Ruben,,-,M,ESP
DNF,Contiu Ioan,,31,M,ROU
DNF,Copeland Adam,,44,M,USA
DNF,Coppola di Canzano Martino,,39,M,ITA
DNF,CORBIHAN Aurelien,,31,M,FRA
DNF,COURBET Julien,,42,M,FRA
DNF,COURGEY François,,52,M,FRA
DNF,COURT Sylvain,,41,M,FRA
DNF,COYE Andrew,,38,M,USA
DNF,CRETAZ Alain,,61,M,SUI
DNF,CROLL Ted,,68,M,CAN
DNF,Cronfalk Daniel,,49,M,SWE
DNF,cros Valery,,53,M,FRA
DNF,CURE Olivier,,55,M,FRA
DNF,Curley Matt,,58,M,USA
DNF,Curmer Gregoire,,34,M,FRA
DNF,DA CUNHA Eric,,46,M,FRA
DNF,DANY Nadine,,57,F,FRA
DNF,Dardant Claude,,62,M,USA
DNF,DARSKI Rafal,,52,M,POL
DNF,Dautcourt Alexis,,37,M,FRA
DNF,DAVIDSDOTTIR Bryndis Maria,,50,F,ISL
DNF,DAVIS Martin,,62,M,GBR
DNF,de Boo Brice,,37,M,NED
DNF,DE CROO Hans,,50,M,BEL
DNF,DE KOCK Elbert,,37,M,RSA
DNF,de montbel Hugues,,49,M,FRA
DNF,DE PAULA OLIVEIRA BARBOSA Weber,,-,M,BRA
DNF,DE PRA Yohan,,40,M,FRA
DNF,DEBATS Ragna,,45,F,NED
DNF,DECHET Patrick,,60,M,FRA
DNF,Decleir Tom,,24,M,BEL
DNF,DECREME Sebastien,,36,M,FRA
DNF,DEL VECCHIO Nicola,,41,M,ITA
DNF,Anonymous,,-,-,FRA
DNF,DELESSERT Serge,,56,M,SUI
DNF,DEMBSKI Herve,,50,M,FRA
DNF,DENG Guomin,,35,M,CHN
DNF,DESCHAMPS Emmanuel,,52,M,FRA
DNF,DESILLE Clement,,34,M,FRA
DNF,DEVOLDER Jerome,,46,M,FRA
DNF,Dewaele Karel,,49,M,BEL
DNF,Dhiman Ben,,33,M,USA
DNF,DI LORENZO PIRES Henrique,,40,M,NED
DNF,DIBINGER Charlene,,34,F,FRA
DNF,DIDIER David,,44,M,ARG
DNF,DINAUT Raphael,,46,M,FRA
DNF,DINH Huu Chuong,,37,M,VIE
DNF,DIRKX Jeffrey,,37,M,BEL
DNF,Doblinger Reinhold,,43,M,AUT
DNF,DOBY Renaud,,40,M,FRA
DNF,DOIRON Guy,,49,M,CAN
DNF,DORATO Margarita,,49,F,FRA
DNF,DOYLE James,,-,M,GBR
DNF,du Jianli,,55,M,CHN
DNF,DUBOIS Matthew,,42,M,USA
DNF,DUFAY Arthur,,34,M,FRA
DNF,DULAU Jean Baptiste,,59,M,FRA
DNF,DUNAND PALLAZ Aurelien,,32,M,FRA
DNF,DUNYACH Quentin,,30,M,FRA
DNF,duo ji,,32,M,CHN
DNF,DUPUY Emmanuel,,50,M,FRA
DNF,El Sawy Omar,,35,M,EGY
DNF,Englund William,,30,M,SWE
DNF,ERNE Dominik,,43,M,SUI
DNF,ERRECART Jerome,,47,M,FRA
DNF,Escarment Nicolas,,40,M,FRA
DNF,ESCOBAR CARRON Sara,,44,F,SUI
DNF,Escoleira Julien,,37,M,FRA
DNF,ESNAL SANCHEZ Gontzal,,34,M,ESP
DNF,Esnault David,,49,M,FRA
DNF,ESSAKKAKI Rachid,,50,M,MAR
DNF,ETCHENAGUCIA Armand,,59,M,FRA
DNF,EVANS Thomas,,32,M,GBR
DNF,EYSSERIC Mathilde,,30,F,FRA
DNF,FACIOLI Luiz Paulo,,50,M,BRA
DNF,fages Perrine,,44,F,FRA
DNF,FAIVRE Camille,,31,M,FRA
DNF,FAIVRE Laurent,,59,M,FRA
DNF,FALCH Bruno,,40,M,FRA
DNF,FALDZINSKI Bartosz,,42,M,POL
DNF,FAN Xujie,,55,F,HKG
DNF,FASANA Alberto,,58,M,ITA
DNF,FATT LIEW Tho,,-,M,MAS
DNF,FAUSER Fabrice,,37,M,SUI
DNF,FAVA Stefano,,51,M,ITA
DNF,Faverjon Florian,,34,M,FRA
DNF,FEIGE Marine,,31,F,FRA
DNF,FELCARO Alido,,58,M,ITA
DNF,FENG Wei,,55,M,SGP
DNF,FERAL Emilie,,45,F,FRA
DNF,FERNANDEZ Gerome,,33,M,FRA
DNF,FERNANDEZ PUENTE Emilio,,46,M,ESP
DNF,FERRARI Ugo,,32,M,FRA
DNF,Ferratusco Maurizio,,39,M,ITA
DNF,FERRE Camille,,28,M,PYF
DNF,FERREIRA Manuel,,64,M,POR
DNF,FESQUET Sebastien,,54,M,FRA
DNF,Fjose Fredrik,,43,M,NOR
DNF,FLAMENT Arnaud,,35,M,FRA
DNF,FLECHER Stephane,,33,M,FRA
DNF,FLOQUET Patrick,,59,M,FRA
DNF,Flores Josu,,44,M,ESP
DNF,Fontaine Paul,,39,M,FRA
DNF,FONTAINE Pierre,,44,M,FRA
DNF,FONTAO Bruno Daniel,,41,M,POR
DNF,FOREST Stephane,,49,M,FRA
DNF,FORNERIS Piercarlo,,55,M,ITA
DNF,Fornoni Giovanni,,48,M,ITA
DNF,FOUILLOT Nicolas,,31,M,FRA
DNF,Fournier Yanick,,52,M,CAN
DNF,Fraga Tara,,32,F,USA
DNF,FRAIN Michael,,42,M,IRL
DNF,Franc Pierre,,42,M,FRA
DNF,francart Vincent,,40,M,FRA
DNF,francisco David,,47,M,FRA
DNF,FRANKEN Ran,,34,M,NED
DNF,FREGEAC Bastien,,30,M,FRA
DNF,FREI Patrick,,49,M,SUI
DNF,Freitag Michael,,51,M,GER
DNF,FREUND Jules,,29,M,FRA
DNF,FRYCOVA Lenka,,46,F,CZE
DNF,FU Chihping,,58,M,USA
DNF,FUKUHARA Yoshiyuki,,48,M,JPN
DNF,FUNDINGSRUD Morten,,50,M,NOR
DNF,FUNG TSANG Wai,,-,M,HKG
DNF,GADALOV Aleksandr,,47,M,RUS
DNF,GADET Christophe,,52,M,FRA
DNF,GADREAU Benoit,,40,M,FRA
DNF,GAIK Andrzej,,54,M,POL
DNF,GALLAND Jean Charles,,53,M,FRA
DNF,Galland Remi,,42,M,FRA
DNF,GALPIN OSSONCE Sabine,,-,F,FRA
DNF,Gambaretto Riccardo,,39,M,ITA
DNF,GAMITO Jordi,,43,M,ESP
DNF,GAO Jinyong,,47,M,CHN
DNF,GARCIA Adolfo,,50,M,IRL
DNF,GARCIA MENDEZ Jairo,,58,M,COL
DNF,GARNIER Leo,,32,M,FRA
DNF,GARRASTAZU XABIER,,44,M,ESP
DNF,GARREAU Jean Marie,,65,M,FRA
DNF,GARRIVIER Thibaut,,34,M,FRA
DNF,Gastiaburu Morante Wilfredo,,55,M,ARG
DNF,Gauthier Kwan Maxime,,37,M,CAN
DNF,GAVAZZI Laura,,46,F,ITA
DNF,GAY Anthony,,41,M,FRA
DNF,gayet Philippe,,63,M,FRA
DNF,GEHIN Matthias,,-,M,FRA
DNF,GELPI Michael,,49,M,BEL
DNF,Gemmiti Sandro,,41,M,FRA
DNF,Genet Laurent,,45,M,SUI
DNF,Gentilini Iader,,52,M,ITA
DNF,GESTAS Valerie,,47,F,FRA
DNF,GIBSON Giovanna,,64,F,USA
DNF,GIGUET Pascal,,55,M,FRA
DNF,GIMENEZ HOYAS Carlos,,46,M,ESP
DNF,GINES Nicolas,,48,M,FRA
DNF,GING Edgar,,71,M,FRA
DNF,GISEWSKI Joachim,,-,M,GER
DNF,Giva Cristian,,41,M,ITA
DNF,GLEN John,,67,M,AUS
DNF,GOETZ Tobias,,48,M,SUI
DNF,Gonnet Eric,,64,M,FRA
DNF,GONZALEZ Oscar,,38,M,MEX
DNF,GOSETTI Claudio,,65,M,ITA
DNF,Grange Hugo,,28,M,FRA
DNF,GRANGER Thomas,,33,M,FRA
DNF,Grangereau Etienne,,41,M,FRA
DNF,GRANGIER Germain,,34,M,FRA
DNF,GRASSIE Duncan,,41,M,GBR
DNF,GRAVIOU Erwan,,43,M,FRA
DNF,GREK Vincent,,60,M,BEL
DNF,GRENNO Arthur,,25,M,SUI
DNF,GRENNO Raphael,,50,M,SUI
DNF,GRILLY Antoine,,46,M,FRA
DNF,GRINIUS Gediminas,,45,M,LTU
DNF,GRUAU Stanislas,,38,M,FRA
DNF,Guenther Maik,,59,M,GER
DNF,GUERIN Charly,,34,M,FRA
DNF,GUERRERO Connor,,-,M,USA
DNF,GUIJARRO PANADERO Dionisio,,46,M,ESP
DNF,Guillet Philippe,,45,M,SUI
DNF,HAENNI Yann,,48,M,SUI
DNF,Haga Yoshinori,,57,M,JPN
DNF,HAGEN Rakel Enoksen,,50,F,NOR
DNF,HAIDINGER Rainer,,-,M,AUT
DNF,Hain Gregor,,37,M,AUT
DNF,Anonymous,,-,-,FRA
DNF,HASEGAWA Mamoru,,63,M,JPN
DNF,Hattori Shin,,59,M,JPN
DNF,HAVAS Steve,,57,M,AUS
DNF,HAWKER Scott,,37,M,NZL
DNF,HEBET Christophe,,53,,FRA
DNF,HEGEMANN IDA-SOPHIE,,27,F,GER
DNF,HENNIGAR Stephen,,-,M,USA
DNF,HERNANDEZ BARRERA Manuel,,43,M,ESP
DNF,HERNANDEZ Patrick,,66,M,FRA
DNF,HERRERA Noelia,,47,F,ESP
DNF,HERVE Arnaud,,46,M,FRA
DNF,HESLOP Claire,,43,F,CAN
DNF,Heyberger Paul,,23,M,FRA
DNF,HIKLOVA Lenka,,44,F,SVK
DNF,HIRAI Keigetsu,,61,M,JPN
DNF,HJELTNES Ken,,43,M,NOR
DNF,HO Ka Wah,,56,M,HKG
DNF,Hoang Ngoc Song,,41,M,VIE
DNF,hoaokawa tomonori,,48,M,JPN
DNF,Holm Hallur,,57,M,DEN
DNF,HOMNER Mimmi,,-,F,SWE
DNF,Horatschek Romana,,35,F,AUT
DNF,Hornicka Pavla,,33,F,CZE
DNF,HOWE Stephanie,,41,F,USA
DNF,HOWELLS Anthony,,57,M,GBR
DNF,HOWTON James,,50,M,USA
DNF,Hrastovec Ivan,,39,M,SLO
DNF,hu xiaoqin,,38,F,CHN
DNF,HUAMAN Remigio,,41,M,PER
DNF,HUANG Edi,,49,M,SGP
DNF,Hudak Martin,,51,M,SVK
DNF,HUETTE Jean Paul,,62,M,FRA
DNF,Huguenin-Bergenat Boris,,54,M,SUI
DNF,HUI Anthony,,65,M,HKG
DNF,HUI Lap Man,,44,M,HKG
DNF,HUMBERT Matthieu,,48,M,FRA
DNF,HUSIN Aidi,,41,M,MAS
DNF,IMBERT Aurore,,30,F,FRA
DNF,IMHOFF Kyle,,34,M,USA
DNF,INADA Takaaki,,56,M,JPN
DNF,ISAO Churiki,,55,M,JPN
DNF,ISAZA Alberto,,61,M,COL
DNF,IWANE YASUO,,62,M,JPN
DNF,JACEK Dabrowski,,40,M,POL
DNF,Jacquin Yann,,50,M,FRA
DNF,JACQUOT Aurélien,,45,M,FRA
DNF,JAE KOUWENBERG Sang,,-,M,NED
DNF,Jahn Leif,,41,M,FIN
DNF,Jalowski Andrzej,,56,M,POL
DNF,JAMOIS Sebastien,,55,M,FRA
DNF,Janod Marie,,28,F,FRA
DNF,JANSEN Marco,,51,M,NED
DNF,JARNEFELT Elina,,-,F,FIN
DNF,JENKINS Gregory,,60,M,AUS
DNF,JEREZ GUILLEN David,,49,M,ESP
DNF,JESSON Maree,,52,F,GBR
DNF,Jia Weiping,,27,M,CHN
DNF,JIANG Bo,,42,M,CHN
DNF,JINHO YI Harold,,-,M,KOR
DNF,Johansen Simon,,36,M,NOR
DNF,JOHNSON Paul,,68,M,USA
DNF,JOLIVET David,,40,M,FRA
DNF,JOLY Tom,,33,M,GBR
DNF,JONCHERAY Jean Marie,,43,M,FRA
DNF,JONES Lesly,,53,F,AUS
DNF,JORDANS Sander,,48,M,NED
DNF,JUGE Geraldine,,37,F,SUI
DNF,Jugeli Irakli,,44,M,GEO
DNF,JUNG Daniel,,41,M,ITA
DNF,Junita Indah,,38,F,INA
DNF,JUSTO David,,35,M,FRA
DNF,Kale Fatih,,36,M,TUR
DNF,KALROT SODERBERG Emil,,-,M,SWE
DNF,KAMOTA Tetsuaki,,61,M,JPN
DNF,KANG Seungtae,,45,M,KOR
DNF,KARIUS Tim,,41,M,LUX
DNF,KARLI Benjamin,,41,,SUI
DNF,Kartashov Andrew,,45,,GBR
DNF,KASZTELANIC Rafal,,55,M,POL
DNF,KATAOKA Masahiko,,54,M,JPN
DNF,KAVTASEV Anton,,44,M,GEO
DNF,KAWANO Hiroyuki,,60,M,JPN
DNF,Kech Michael,,47,M,BEL
DNF,KELLY Erin,,45,F,USA
DNF,Kennelly Sophia,,61,F,NZL
DNF,KENYON Claire,,-,F,GBR
DNF,KERR Cameron,,29,M,NZL
DNF,Khunothai Uthaiwan,,53,F,THA
DNF,KIEGER Ludovic,,45,M,FRA
DNF,Kielek Przemyslaw,,46,M,POL
DNF,Kim hyungjun,,62,M,KOR
DNF,KIM Taesang,,45,M,KOR
DNF,KIMURA Ryota,,52,M,JPN
DNF,KING Michael,,67,M,GBR
DNF,Kirkman Percy,,48,M,GBR
DNF,Kiso Tetsuo,,56,M,JPN
DNF,Klatt Joshua,,50,M,USA
DNF,KLINGER Ryan,,-,M,USA
DNF,Knecht Sebastien,,49,M,BEL
DNF,Knittel Mickael,,39,M,FRA
DNF,Knudsen Carl Fredrik,,34,M,SWE
DNF,KOLLASSA Marina,,34,F,GER
DNF,KOMATSU Yukinori,,50,M,JPN
DNF,Kono Naoto,,44,M,JPN
DNF,KONOSHITA Tatsuya,,52,M,JPN
DNF,KOORS Dennis,,52,M,DEN
DNF,KORENFELD CHRISTIAN,,70,M,FRA
DNF,KRAHENBUHL Christian,,49,M,SUI
DNF,KRAJEWSKI Jeremie,,37,M,FRA
DNF,KROGVIG Erik Sebastian,,37,M,NOR
DNF,KUENG Georges,,61,M,SUI
DNF,Kumpula Kim,,45,M,SWE
DNF,KWOK Kam Chuen,,50,M,CHN
DNF,KWONG Kit Ying,,39,F,HKG
DNF,Lagarde Bruno,,62,M,FRA
DNF,LAHMINI Karim,,44,M,FIN
DNF,LAIO Tak Ming,,56,M,HKG
DNF,LAM Chi Meng,,54,M,MAC
DNF,Anonymous,,-,-,HKG
DNF,LAM San,,44,F,MAC
DNF,Lamarche Guillaume,,34,M,FRA
DNF,LAMARE Quentin,,44,M,FRA
DNF,Lambelet Cedric,,54,M,SUI
DNF,LAMMERS Wiebke,,48,F,GBR
DNF,LAMOUREUX Guillaume,,45,M,FRA
DNF,Laopraneechon Piriya,,43,M,THA
DNF,LAPORTE Paul,,58,M,USA
DNF,Lardans Marie,,42,F,FRA
DNF,LARSSON Daniel,,42,M,SWE
DNF,Latierce Nicolas,,46,M,FRA
DNF,LAURENT Ludovic,,44,M,FRA
DNF,LAUREYS Tim,,40,M,BEL
DNF,LAVENANT Boris,,46,M,FRA
DNF,LE GOFF Pascal,,57,M,FRA
DNF,LE NEZET Joris,,-,M,FRA
DNF,LE THOMAS REMI,,45,M,FRA
DNF,lecoules julien,,45,M,FRA
DNF,LECURU Thibaut,,42,M,FRA
DNF,LEDUC Yannick,,52,M,FRA
DNF,LEE JUNOK,,46,M,KOR
DNF,Lee Michael,,52,M,DEN
DNF,LEE Miyeong,,49,F,KOR
DNF,LEFIEVRE Xavier,,53,M,FRA
DNF,LEGRAND Julian,,39,M,FRA
DNF,LEHKONEN Henri,,40,M,AUS
DNF,LEI Aoran,,42,M,CHN
DNF,LEI Seak Chio,,42,M,MAC
DNF,Lemonnier Ludovic,,37,M,FRA
DNF,LEONI Arnaud,,52,M,FRA
DNF,LERONDEAU Jerome,,42,M,FRA
DNF,LEROUX Mickael,,44,M,FRA
DNF,LEUNG Wai Lung,,48,M,HKG
DNF,LI Anna,,31,F,CHN
DNF,Liang Disi,,29,M,CHN
DNF,LIGERON Olivier,,40,M,FRA
DNF,LIN Rong,,59,F,CHN
DNF,Liu Chuanhao,,36,M,CHN
DNF,LIU Dewen,,58,M,CHN
DNF,LIU Hang,,38,M,CHN
DNF,LIU Hung To,,64,M,HKG
DNF,Llabres Jeremy,,50,M,FRA
DNF,LLADO Gilbert,,-,M,ESP
DNF,Loane Kim,,62,M,AUS
DNF,Loce Linda,,40,F,LAT
DNF,LOPEZ COXIAS Almudena,,53,F,ESP
DNF,LOUIS FABRICE,,51,M,FRA
DNF,LOUIS Frederic,,59,M,FRA
DNF,Louyet Laurent,,54,M,BEL
DNF,LOVELL NICK,,50,M,GBR
DNF,LUCJANEK Andrzej,,44,M,POL
DNF,LUISIER Jean Gregoire,,33,M,SUI
DNF,luo jinlong,,40,M,CHN
DNF,LUTRINGER Julie,,48,F,FRA
DNF,MACDONALD Andrew,,35,M,NZL
DNF,MACEDO Bruno,,45,M,POR
DNF,Maćkowiak tomasz,,47,M,POL
DNF,Magnin Jonathan,,38,M,FRA
DNF,Magoni Davide,,52,M,ITA
DNF,MAGUIRE Dermot,,52,M,IRL
DNF,MAHIE Steve,,40,M,FRA
DNF,Mainardi Daniele,,34,M,ITA
DNF,MAKSELON Anna,,44,F,POL
DNF,Makselon Maciej,,43,M,POL
DNF,MALARGE Philippe,,60,M,FRA
DNF,malige Julien,,43,M,FRA
DNF,MAN LUI Lai,,-,F,HKG
DNF,MANIKIS Dimitrios,,54,M,GRE
DNF,MANNHARD Jacquie,,40,F,USA
DNF,MANOLE IONEL CRISTIAN,,36,M,ROU
DNF,MANRIQUEZ Andres,,50,M,CHI
DNF,Marceron Christophe,,48,M,FRA
DNF,MARCHAL Stephane,,51,M,FRA
DNF,MARIA AZNAR CEBRIAN Josep,,-,M,ESP
DNF,MARIA PEREZ CALVO Jose,,-,M,ESP
DNF,MARIETTE Joel,,71,M,FRA
DNF,Marinas James,,53,M,USA
DNF,Markus Spangberg,,48,M,SWE
DNF,marliere Frederic,,51,M,FRA
DNF,Marmet Patrice,,55,M,FRA
DNF,Marques Nuno,,38,M,POR
DNF,MARRIOTT Paul,,62,M,GBR
DNF,MARTIN Leonard,,41,M,GBR
DNF,MARTIN Richard,,52,M,FRA
DNF,Martini Vittorio,,45,M,ITA
DNF,Martins Giovanna,,42,M,BRA
DNF,MARTINS Antonio Manuel,,43,M,POR
DNF,MARTINS Lara,,47,F,BRA
DNF,MARUYAMA Kenichi,,51,M,JPN
DNF,MASSI Valerio,,50,M,ITA
DNF,Matsui Kazuha,,66,,JPN
DNF,matsumoto tomoki,,52,M,JPN
DNF,MAXIMOV Roman,,51,M,RUS
DNF,MAYUENYONG Pasaphak,,41,M,THA
DNF,MAZUY Matthieu,,36,M,FRA
DNF,MAZZAGLIA Pietro,,50,M,BEL
DNF,Mbida Pierre,,38,M,FRA
DNF,MCCAUGHAN Declan,,50,M,IRL
DNF,McLaughlin Paul,,67,M,GBR
DNF,MCPHEE Emily,,28,F,AUS
DNF,md jusoh nur zulaikar,,33,F,MAS
DNF,MEIER Christian,,39,M,CAN
DNF,MEJIA Daniel,,41,M,COL
DNF,MEKAREEYA Noppadol,,39,M,THA
DNF,MEKLOI Narongrit,,47,M,THA
DNF,MENDEZ Julian,,-,M,FRA
DNF,MENDOZA James,,-,M,USA
DNF,MERCEY Laurent,,43,M,FRA
DNF,MEUNIER Michael,,43,M,FRA
DNF,Michel Pierrick,,42,M,FRA
DNF,MICHIE Scott,,43,M,USA
DNF,MICLO Christian,,54,M,FRA
DNF,MIESCHER Gregory,,-,M,SUI
DNF,Migliore Bruno,,64,M,ITA
DNF,Mihalcea Oana,,40,F,ROU
DNF,Minami Hirotaka,,64,M,JPN
DNF,MINAMISAWA Kumi,,54,F,JPN
DNF,MINO FAUKNER Helen,,28,F,USA
DNF,MIQUEU Regis,,44,M,BOL
DNF,MITYAEV Dmitry,,33,M,RUS
DNF,MITYAEVA Ekaterina,,35,F,RUS
DNF,MIZAIKOFF Boris,,59,M,AUT
DNF,Anonymous,,-,-,JPN
DNF,monem Mansour,,65,M,USA
DNF,Montano Duran Javier Marcelo,,3,,BOL
DNF,MORALES BUJ Fran,,46,M,ESP
DNF,MOREU Carles,,65,M,ESP
DNF,MORGAN Kevin,,43,M,USA
DNF,MORIYAMA Machiko,,58,F,JPN
DNF,Morris Charles,,30,M,USA
DNF,Mortier Nicolas,,34,M,FRA
DNF,MOSCONI Remi,,49,M,FRA
DNF,MOTA Carlos,,40,M,POR
DNF,MOTTET Francois,,41,M,FRA
DNF,mouette Arnauld,,60,M,FRA
DNF,MOUNIER Benoit,,38,M,FRA
DNF,MOUNIER Jean Luc,,-,M,FRA
DNF,MOUTRAY Pierrick,,40,M,FRA
DNF,MOWRY Nathan,,33,M,USA
DNF,Muhar Marko,,41,M,CRO
DNF,MULLER LILIAN,,53,M,FRA
DNF,MUNEMORI Takahiro,,62,M,JPN
DNF,Murata Ryo,,32,M,JPN
DNF,Naal Maxime,,36,M,FRA
DNF,NAGAKI Luciana,,39,F,PER
DNF,Nawakura Masato,,39,M,JPN
DNF,Negre Cyril,,53,M,FRA
DNF,NEZA PAJNIC Pika,,-,F,SLO
DNF,Ng Wai Kin Kieran,,48,M,HKG
DNF,NGUYEN HOANG Phuoc,,29,M,VIE
DNF,NGUYEN Minh Tuan,,47,M,FRA
DNF,NICOLAU PICO Roser,,47,F,ESP
DNF,NIELSEN Peter Michael,,60,M,DEN
DNF,Nilsson Jan,,49,M,SWE
DNF,NILSSON PAULI Michael,,53,M,SWE
DNF,NOACCO Elena Asia,,47,F,ITA
DNF,NOGUERA GALLEGO Raul,,42,M,ESP
DNF,Noiret Emmanuel,,56,M,FRA
DNF,NOLF Aurelien,,45,M,FRA
DNF,Novák Petr,,35,M,CZE
DNF,NUMAZAWA Kazuhisa,,54,M,JPN
DNF,NUNEZ Javier,,49,M,ESP
DNF,NUNN Andrew,,38,M,AUS
DNF,OATIS Doug,,44,M,USA
DNF,O'FARRELL Michael,,42,M,CAN
DNF,OKUYAMA Yoshie,,59,F,JPN
DNF,OLIVIER Arnaud,,42,M,FRA
DNF,Olson Andrew,,61,M,GBR
DNF,OMODERA Tsutomu,,60,M,JPN
DNF,ORANGE Valentin,,33,M,FRA
DNF,ORLANDO Olivier,,49,M,FRA
DNF,ORR Brad,,38,M,USA
DNF,OSAWA HITOSHI,,51,M,JPN
DNF,Oswald Cornelia,,39,F,AUT
DNF,OUYANG Runze,,49,M,CHN
DNF,Padovan Nicolo,,31,M,ITA
DNF,PAGET Dorine,,40,F,FRA
DNF,PAGNIEZ Jerome,,51,M,FRA
DNF,PAJIC Dalibor,,39,M,BIH
DNF,PALMIERO WINTERS Amy,,52,F,USA
DNF,PALMQUIST Henrik,,51,M,SWE
DNF,PANAZZOLO Diego,,41,M,BRA
DNF,Panes Arvin,,49,M,GBR
DNF,Papert Robert,,47,M,GER
DNF,PARCELLIER Olivier,,32,M,FRA
DNF,PARK Jaehyun,,38,M,KOR
DNF,PARRILLA LEAL Diego,,42,M,ESP
DNF,Pascall Fiona,,35,F,GBR
DNF,PASINI ALEXANDRE,,52,M,SUI
DNF,PASQUALI MAURO,,50,M,ITA
DNF,Paszkiewicz Maciej,,62,M,POL
DNF,Patterson Benje,,38,M,NZL
DNF,PATTI Alessandro Marco,,33,M,ITA
DNF,PATTISON Kristina,,44,F,USA
DNF,PAU Frederic,,44,M,FRA
DNF,PAULIN Aurelie,,43,F,FRA
DNF,PEAQUIN Edi,,58,M,ITA
DNF,pellegrini Fabio,,50,M,ITA
DNF,PENAS Pepe,,43,M,ESP
DNF,Peng Xiaohang,,65,M,USA
DNF,PENG Zhongyin,,42,F,HKG
DNF,PERDON Raymond,,51,M,NED
DNF,PEREYRA Sergio Gustavo,,30,M,ARG
DNF,PEREZ BUITRAGO Luis Carlos,,60,M,COL
DNF,PERL Raphael,,-,M,FRA
DNF,PERRIN Benjamin,,39,M,FRA
DNF,PETRAZZUOLO Manfredo,,37,M,ITA
DNF,Peyre Patrice,,48,M,MLT
DNF,PEYRINT Christophe,,36,M,FRA
DNF,PEZZOTTA Marco,,53,M,ITA
DNF,PHALEESAK Mongkol,,46,M,THA
DNF,PHAN Dang,,49,M,FRA
DNF,PIAZZA Georg,,45,M,ITA
DNF,PICARD Paul,,34,M,FRA
DNF,Picco Fabiano,,45,M,ITA
DNF,PISARNWORAKARN Pisit,,40,M,THA
DNF,Pise Pradeep,,46,M,USA
DNF,PLAY Jean Christophe,,42,M,FRA
DNF,POLI Michael,,31,M,ITA
DNF,PONS FONT Jordi,,65,M,ESP
DNF,PORION Yoann,,46,M,FRA
DNF,PORTE Fiona,,35,F,FRA
DNF,PORTER Hywel,,-,M,GBR
DNF,PORUBCAN Pavol,,53,M,SVK
DNF,POSTA MARIE HELENE,,34,F,FRA
DNF,POTEAU Eddy,,50,M,FRA
DNF,POUTEAU Herve,,64,M,FRA
DNF,Pracht Stefan,,58,M,GER
DNF,PRAMPOLINI Rudy (Rodolfo),,60,M,ITA
DNF,PROU Sebastien,,41,M,FRA
DNF,Prouvat Stephane,,49,M,FRA
DNF,PSARAKIS EFTYCHIOS,,40,M,GRE
DNF,PUGIN JEAN FRANCOIS,,29,M,FRA
DNF,PURSER Nick,,52,M,GBR
DNF,PUYUELO Oscar,,46,M,ESP
DNF,QUATTROCCHI Jean Philippe,,51,M,FRA
DNF,QUIROS ALVAREZ Jesus Manuel,,47,M,ESP
DNF,RABIER Anne Laure,,39,F,FRA
DNF,RADER Jason,,46,M,USA
DNF,RAMOIN Gregory,,44,M,FRA
DNF,Rattananavathong Karoon,,45,M,THA
DNF,Ravenscroft Paul,,54,M,GBR
DNF,RAYMAKERS Bruno,,-,M,BEL
DNF,REVERRE Stephane,,54,M,FRA
DNF,ribeiro marcelo ricardo,,57,M,FRA
DNF,RICCATO Mauro,,59,M,ITA
DNF,RICHARD Goulven,,37,M,FRA
DNF,RICHARDSON Sarah,,38,F,AUS
DNF,Ridolfi Federico,,34,M,ITA
DNF,Rios Jorge Eduardo,,59,M,USA
DNF,RIOS PITA Ezequiel,,49,M,ARG
DNF,RIUS Lluis,,47,M,ESP
DNF,ROBINSON Bernard,,52,M,NZL
DNF,ROCA PIJOAN Marc,,49,M,ESP
DNF,Rodrigo Zaragoza Antonio,,50,M,ESP
DNF,RODRIGUES Sandro,,47,M,POR
DNF,Romanelli Danilo,,53,M,ITA
DNF,ROMERO TRISTANTE Fidel,,42,M,ESP
DNF,ROMEU Jesus,,60,M,ESP
DNF,RONCIER Jean Luc,,63,M,FRA
DNF,RONIMOISS Andris,,40,M,LAT
DNF,ROSNER Derek,,49,M,USA
DNF,ROSTAGNI Benoit,,59,M,FRA
DNF,ROUMAGNAC Marc,,47,M,CAN
DNF,ROUSSE Arnaud,,36,M,FRA
DNF,ROUSSET SEGURET Anne Lise,,36,F,FRA
DNF,Roux Stephen,,34,M,FRA
DNF,Rouzic Jocelyn,,37,M,FRA
DNF,RUEDA Santos Gabriel,,33,M,ARG
DNF,Ruhstrat Steven,,54,M,USA
DNF,RUIZ Olivier,,45,M,FRA
DNF,RUIZ VELEZ Mingo,,51,M,ESP
DNF,Russell Ian,,45,M,GBR
DNF,Russi Jonas,,39,M,SUI
DNF,Russo Fabrizio,,52,M,ITA
DNF,RUZZA Davide,,52,M,ITA
DNF,Ruzza Stefano,,42,M,ITA
DNF,SAEKI Yasuhiko,,48,M,JPN
DNF,SAFFOLD Joshua,,46,M,CAN
DNF,Saia Francisco,,55,M,ITA
DNF,Saint Julien Drieu,,38,M,FRA
DNF,SALOY Remi,,-,M,FRA
DNF,SALVAI Guillaume,,36,M,FRA
DNF,SALZMANN Sacha,,52,M,SUI
DNF,SANABRIA Nelson,,42,M,PAR
DNF,SANCHEZ ALCARAZ Raul,,48,M,ESP
DNF,SANCHEZ GARCIA Pau,,37,M,ESP
DNF,Sandberg Hakan,,47,M,SWE
DNF,SANDES Ryan,,42,M,RSA
DNF,SANTINI Antoine Jean,,57,M,FRA
DNF,SANTOS RIBEIRO EDUARDO FILIPE CADIMA,,46,M,POR
DNF,Sanvoisin Mathias,,40,M,FRA
DNF,SASS Alexander,,46,M,GER
DNF,SASSIER Florian,,34,M,FRA
DNF,SAUVAGE Henry,,39,M,FRA
DNF,Saxvall Maria,,42,F,SWE
DNF,SCHEER Yann,,42,M,FRA
DNF,SCHERZINGER Sylvie,,53,F,RSA
DNF,SCHIMPL Martin,,51,M,AUT
DNF,SCHLEUNIGER Ivo,,44,M,SUI
DNF,SCHMITT Arnaud,,44,M,FRA
DNF,Scobie Stephen,,61,M,GBR
DNF,Sebastien JUPILLE,,44,M,FRA
DNF,SEILLE Sebastien,,52,M,FRA
DNF,SELIMOVIC Adnan,,48,M,BIH
DNF,SERDIUK Serhii,,38,M,UKR
DNF,SERRAT DIAZ Marc,,33,M,ESP
DNF,SHAKESPEARE Jill,,41,F,GBR
DNF,SHANG Xueer,,38,F,CHN
DNF,Shavgaleev Denis,,45,,CZE
DNF,SHAW Jon,,50,M,AUS
DNF,shen jiasheng,,29,M,CHN
DNF,Anonymous,,-,-,CHN
DNF,Sifonios David,,42,M,SUI
DNF,SILVESTRIN Rogerio,,36,M,BRA
DNF,Simbarashe Simbarashe Mugomba,,42,M,GBR
DNF,Sio Aroa,,45,F,ESP
DNF,Sior Adrien,,37,M,FRA
DNF,SIRAUD EMMANUEL,,53,M,FRA
DNF,Sirot Benjamin,,45,M,FRA
DNF,SKARPEID Silje,,39,F,NOR
DNF,SMALL Iain,,53,M,GBR
DNF,smets Herve,,53,M,FRA
DNF,SMITH Janet,,45,F,AUS
DNF,SOARES Matthieu,,42,M,FRA
DNF,SOCCOL Manuela,,36,F,BEL
DNF,Södergren Patrik,,42,M,SWE
DNF,SOFOKLEOUS LAZAROS,,44,M,CYP
DNF,SONG Jie,,41,F,CHN
DNF,SORANARAKSOPON Pornsak,,48,M,THA
DNF,SORIA Alexis Gabriel,,50,M,ARG
DNF,SORIANO Franco,,53,M,USA
DNF,Anonymous,,-,-,POR
DNF,SPANNAGEL Luc,,26,M,FRA
DNF,SPASHETT MATTHEW,,44,M,GBR
DNF,SPEHLER Sebastien,,36,M,FRA
DNF,SPELMANS Christophe,,58,M,BEL
DNF,SPERGER Eva-Maria,,45,F,GER
DNF,STANCA Bogdan Mihail,,49,M,ROU
DNF,STANIC Marko,,-,M,SLO
DNF,STANLEY Andrew,,61,M,NZL
DNF,Steele Julie,,64,F,AUS
DNF,STEINBRENNER Marko,,51,M,SUI
DNF,Stodolny Krzysztof,,62,M,POL
DNF,Stolarz Grzegorz,,47,M,POL
DNF,Stuart Emma,,34,F,GBR
DNF,SUDO Hideki,,51,M,JPN
DNF,Sugimoto Satoshi,,39,M,JPN
DNF,suh Seung Woo,,61,M,KOR
DNF,Sujoldzic Bakir,,43,M,BIH
DNF,SUMEC Jaro,,47,M,SVK
DNF,SUMIYA Motoi,,49,,JPN
DNF,Sungmek Rachan,,47,M,THA
DNF,Suzuki Kazuya,,57,M,JPN
DNF,Svellingen Eivind,,40,M,NOR
DNF,Szigeti Zoltan,,47,M,HUN
DNF,TAHA YALCIN Umit,,-,M,TUR
DNF,Tai Chi Hang Frederick,,50,M,HKG
DNF,TAIT Joshua,,36,M,AUS
DNF,TAJIMA Kazuhito,,60,M,JPN
DNF,TAKEBE Yoshiyuki,,65,M,JPN
DNF,TAM Kit Yin,,51,F,HKG
DNF,TANAKA Masaru,,63,M,JPN
DNF,TANAKA Masato,,57,M,JPN
DNF,TANASA TUDOR,,23,M,ROU
DNF,TANASA Vasile,,54,M,ROU
DNF,TANG MING,,53,M,CHN
DNF,Taniguchi Wakako,,51,M,JPN
DNF,TANNINGER Roman,,48,M,AUT
DNF,TARAS Giuseppe,,64,M,ITA
DNF,TARDIVEL Bruno,,54,M,FRA
DNF,Tatarinova Irina,,35,F,LAT
DNF,TERRIER Franck,,53,M,FRA
DNF,tham Kok Wah,,58,M,MAS
DNF,Thiebault Kevin,,32,M,FRA
DNF,THIRIET Fabien,,54,M,FRA
DNF,THIRIEZ Denis,,55,M,FRA
DNF,THOMAS Alexis,,37,M,FRA
DNF,Thomas Brooke,,36,F,NZL
DNF,THOMAS Daniel,,47,M,GBR
DNF,THYME Jorgen,,60,M,DEN
DNF,Tiquet Marie,,38,F,FRA
DNF,TISSERANT Michael,,55,M,FRA
DNF,TJON SACK KIE Sylvestro,,36,M,NED
DNF,TOLLEFSON Tim,,39,M,USA
DNF,TOMOHIRO Ikegami,,-,M,JPN
DNF,TONEGAWA YUKA,,53,F,JPN
DNF,TONNAIRE Adrien,,31,M,FRA
DNF,TOURNILLON Fabien,,45,M,FRA
DNF,TRABAREL Jean Christel,,49,M,FRA
DNF,TRAN Duy Quang,,35,M,VIE
DNF,Tran Thi Ha,,40,F,FRA
DNF,TRAN Timothee,,30,M,FRA
DNF,TRAORE Nouhoum,,-,M,FRA
DNF,TRISETH Vegard,,49,M,NOR
DNF,TRONTELJ Marija,,55,F,SLO
DNF,TRUMBAUER Chris,,49,M,USA
DNF,TRUONG Duy,,40,M,VIE
DNF,Tyllsmark Andreas,,54,M,SWE
DNF,Uekusa Tetsuya,,60,M,JPN
DNF,UK Sotheavut,,59,M,FRA
DNF,ULATOWSKI Andrzej,,53,M,POL
DNF,URATA Mitsuaki,,55,M,JPN
DNF,UZA Justas,,29,M,LTU
DNF,VALLA Benoit,,47,M,FRA
DNF,VALLES COSTA EDUARDO,,44,M,ESP
DNF,VAN ACKER Emmanuel,,53,M,BEL
DNF,VANBENEDEN Kristof,,51,M,BEL
DNF,VANDERSCHAEGHE Jerome,,34,M,BEL
DNF,Vaudan Emily,,41,F,SUI
DNF,Velsch Martin,,40,M,FRA
DNF,VERBIST Ronald,,43,M,BEL
DNF,VERGNIERES Maxime,,45,M,FRA
DNF,VERNIER Adrien,,28,M,FRA
DNF,VIALLES RODOLPHE,,53,M,FRA
DNF,VIANA Alic,,44,F,BRA
DNF,VICECONTI Gustavo,,55,M,ARG
DNF,Vidal Aubin,,28,M,FRA
DNF,VIDAL Fabien,,48,M,FRA
DNF,Vieille Florian,,31,M,FRA
DNF,VIELJUS Fabien,,52,M,FRA
DNF,VIENET Julien,,32,M,FRA
DNF,Vignes Thibault,,53,M,FRA
DNF,VILA TEIXIDO Albert,,31,M,ESP
DNF,Villaraza Edmund,,36,M,PHI
DNF,VILLIEN Sophie,,61,F,FRA
DNF,VINES GIMENEZ Jordi,,50,M,ESP
DNF,viotto Ivan,,64,M,ITA
DNF,Virgilio Audrey,,35,F,SUI
DNF,Vladimir Anatoliy Sledz,,45,M,ISR
DNF,VOICE Amelia,,34,F,GBR
DNF,VOLLMER Jasmine,,35,F,AUS
DNF,VOPICKA Josef,,45,M,CZE
DNF,VOURIOT Thierry,,43,M,FRA
DNF,VULTURAR Paul,,30,M,ROU
DNF,WADDOUPS Seth,,41,M,USA
DNF,WAGNER Johan,,55,M,SWE
DNF,WALKER Ben,,46,M,NZL
DNF,WALKLETT Matt,,38,M,GBR
DNF,WALMSLEY Jim,,34,M,USA
DNF,Walter Cedric,,50,M,FRA
DNF,wang Jiadong,,54,M,CHN
DNF,Wang Li,,42,F,CHN
DNF,WARNE Joe,,37,M,IRL
DNF,WATANABE Riko,,59,F,JPN
DNF,WATHAN Gemma,,35,F,GBR
DNF,WATMOUGH Lewis,,-,M,GBR
DNF,Wegner Franz Jochim,,52,M,GER
DNF,WEISS EPOUSE FROGIER Sandrine,,-,F,FRA
DNF,WEISS Mario,,42,M,AUT
DNF,WERNECK Fred,,45,M,BRA
DNF,WEST Tyler,,29,M,USA
DNF,WETTELAND Bjarte,,36,M,NOR
DNF,WIDMANN Simon,,32,M,CAN
DNF,Wigley Keith,,31,M,GBR
DNF,WILENNBRING DE LIMA Alessandro,,55,M,BRA
DNF,WILLIS David,,34,M,GBR
DNF,WILMINK Marcel,,56,M,NED
DNF,WINSPEAR Kyle,,-,M,GBR
DNF,Wirth Theo,,60,M,USA
DNF,WNUK Jay,,56,M,USA
DNF,WONG Chun Hong,,42,M,HKG
DNF,Wong Chun Wai,,40,M,HKG
DNF,WONGTRAKULCHAI Chiraroj,,47,M,THA
DNF,WOODWARD Tylana,,52,F,AUS
DNF,WRIGHT Katie,,37,F,GBR
DNF,WU Ji,,51,M,CHN
DNF,Wu Shin Yi,,45,F,TPE
DNF,Wu Yuanyuan,,37,F,CHN
DNF,XIANG Fuzhao,,33,F,CHN
DNF,XIAO JIANPING,,42,M,CHN
DNF,XIE Zhengqiu,,41,F,CHN
DNF,xuan Yuner,,36,M,CHN
DNF,YAMAMOTO Kyoko,,41,F,JPN
DNF,Yamamoto Masafumi,,54,M,JPN
DNF,YANEZ BEAS Carlos,,47,M,ESP
DNF,YANG LIJUAN,,47,F,CHN
DNF,YANG Shujie,,31,F,CHN
DNF,YANG Xiuwan,,50,F,CHN
DNF,Yang Yi,,40,M,CHN
DNF,Yasumura Kazumine,,52,M,JPN
DNF,Yerly Simon,,36,M,SUI
DNF,YGDELL Michel,,35,M,SWE
DNF,YIN Jason,,-,M,AUS
DNF,YOKOY GUILHERME,,37,M,BRA
DNF,YOKOYAMA Miki,,51,F,JPN
DNF,YUN Yanqiao,,37,M,CHN
DNF,ZAMBON Alessio,,32,M,ITA
DNF,zang Qiongyao,,41,M,CHN
DNF,Zheng Junyue,,38,F,CHN
DNF,ZHENG Xin Lei,,51,F,CHN
DNF,ZHONG Karen,,-,F,USA
DNF,zhou Tingxuan,,34,M,CHN
DNF,Zhuang Xiaoyu,,34,M,CHN
DNF,ZMATLO Josef,,44,M,CZE
DNF,ZUNINO Paul,,30,M,FRA
